Workbook

Sheet Table7
A1: BL | B1: CC | C1: Year | D1: Scenario | E1: Month | F1: Key | G1: RateNo
A2: CT | B2: 412011 | C2: FY24 | D2: Actual | E2: Oct | F2: WCW | G2: 0.2056
A3: CT | B3: 412011 | C3: FY24 | D3: Actual | E3: Nov | F3: WCW | G3: 0.2056
A4: CT | B4: 412011 | C4: FY24 | D4: Actual | E4: Dec | F4: WCW | G4: 0.2056
A5: CT | B5: 412011 | C5: FY24 | D5: Actual | E5: Jan | F5: WCW | G5: 0.2056
A6: CT | B6: 412011 | C6: FY24 | D6: Actual | E6: Feb | F6: WCW | G6: 0.2056
A7: CT | B7: 412011 | C7: FY24 | D7: Actual | E7: Mar | F7: WCW | G7: 0.2056
A8: CT | B8: 412011 | C8: FY24 | D8: Actual | E8: Apr | F8: WCW | G8: 0.2056
A9: CT | B9: 412011 | C9: FY24 | D9: Actual | E9: May | F9: WCW | G9: 0.2056
A10: CT | B10: 412011 | C10: FY24 | D10: Actual | E10: Jun | F10: WCW | G10: 0.2056
A11: CT | B11: 412011 | C11: FY24 | D11: Actual | E11: Jul | F11: WCW | G11: 0.2056
A12: CT | B12: 412011 | C12: FY24 | D12: Actual | E12: Aug | F12: WCW | G12: 0.2056
A13: CT | B13: 412011 | C13: FY24 | D13: Actual | E13: Sep | F13: WCW | G13: 0.2056
... A36289: Key Supporting Function | B36289: 480057 | C36289: FY26 | D36289: Budget1 | E36289: Sep | F36289: Pooling | G36289: 0

Sheet CostDataBase
A1: Year | B1: Scenario | C1: Function | D1: Cost text | E1: Account | F1: Category | G1: Key | H1: Year Total | I1: Month | J1: Amount
A2: FY24 | B2: Actual | C2: HR | D2: HR | E2: 66860000 | F2: Functional cost | G2: headcount | H2: 9858298.1 | I2: Oct | J2: 0
A3: FY24 | B3: Actual | C3: HR | D3: HR | E3: 66860000 | F3: Functional cost | G3: headcount | H3: 9858298.1 | I3: Nov | J3: 1641555.7
A4: FY24 | B4: Actual | C4: HR | D4: HR | E4: 66860000 | F4: Functional cost | G4: headcount | H4: 9858298.1 | I4: Dec | J4: 820777.86
A5: FY24 | B5: Actual | C5: HR | D5: HR | E5: 66860000 | F5: Functional cost | G5: headcount | H5: 9858298.1 | I5: Jan | J5: 820777.86
A6: FY24 | B6: Actual | C6: HR | D6: HR | E6: 66860000 | F6: Functional cost | G6: headcount | H6: 9858298.1 | I6: Feb | J6: 820777.86
A7: FY24 | B7: Actual | C7: HR | D7: HR | E7: 66860000 | F7: Functional cost | G7: headcount | H7: 9858298.1 | I7: Mar | J7: 820777.86
A8: FY24 | B8: Actual | C8: HR | D8: HR | E8: 66860000 | F8: Functional cost | G8: headcount | H8: 9858298.1 | I8: Apr | J8: 820777.86
A9: FY24 | B9: Actual | C9: HR | D9: HR | E9: 66860000 | F9: Functional cost | G9: headcount | H9: 9858298.1 | I9: May | J9: 820777.86
A10: FY24 | B10: Actual | C10: HR | D10: HR | E10: 66860000 | F10: Functional cost | G10: headcount | H10: 9858298.1 | I10: Jun | J10: 820777.86
A11: FY24 | B11: Actual | C11: HR | D11: HR | E11: 66860000 | F11: Functional cost | G11: headcount | H11: 9858298.1 | I11: Jul | J11: 820777.86
A12: FY24 | B12: Actual | C12: HR | D12: HR | E12: 66860000 | F12: Functional cost | G12: headcount | H12: 9858298.1 | I12: Aug | J12: 820777.86
A13: FY24 | B13: Actual | C13: HR | D13: HR | E13: 66860000 | F13: Functional cost | G13: headcount | H13: 9858298.1 | I13: Sep | J13: 829741.67
... A229: FY24 | B229: Actual | C229: Procurement | D229: SOP SCM | E229: 61973300 | F229: Functional cost | G229: IM | H229: 0 | I229: Sep | J229: 0
A230: FY24 | B230: Actual | C230: Procurement Allocation | D230: Function P IM allocation to BL CC | F230: Functional cost | G230: IM | H230: -2196476.3 | I230: Oct | J230: -21307.49
A231: FY24 | B231: Actual | C231: Procurement Allocation | D231: Function P IM allocation to BL CC | F231: Functional cost | G231: IM | H231: -2196476.3 | I231: Nov | J231: -361449.2
A232: FY24 | B232: Actual | C232: Procurement Allocation | D232: Function P IM allocation to BL CC | F232: Functional cost | G232: IM | H232: -2196476.3 | I232: Dec | J232: -187399.27
A233: FY24 | B233: Actual | C233: Procurement Allocation | D233: Function P IM allocation to BL CC | F233: Functional cost | G233: IM | H233: -2196476.3 | I233: Jan | J233: -149157.35
A234: FY24 | B234: Actual | C234: Procurement Allocation | D234: Function P IM allocation to BL CC | F234: Functional cost | G234: IM | H234: -2196476.3 | I234: Feb | J234: -237840.34
A235: FY24 | B235: Actual | C235: Procurement Allocation | D235: Function P IM allocation to BL CC | F235: Functional cost | G235: IM | H235: -2196476.3 | I235: Mar | J235: -189868.63
A236: FY24 | B236: Actual | C236: Procurement Allocation | D236: Function P IM allocation to BL CC | F236: Functional cost | G236: IM | H236: -2196476.3 | I236: Apr | J236: -202429.97
A237: FY24 | B237: Actual | C237: Procurement Allocation | D237: Function P IM allocation to BL CC | F237: Functional cost | G237: IM | H237: -2196476.3 | I237: May | J237: -192988.93
A238: FY24 | B238: Actual | C238: Procurement Allocation | D238: Function P IM allocation to BL CC | F238: Functional cost | G238: IM | H238: -2196476.3 | I238: Jun | J238: -189063.37
A239: FY24 | B239: Actual | C239: Procurement Allocation | D239: Function P IM allocation to BL CC | F239: Functional cost | G239: IM | H239: -2196476.3 | I239: Jul | J239: -317631.46
A240: FY24 | B240: Actual | C240: Procurement Allocation | D240: Function P IM allocation to BL CC | F240: Functional cost | G240: IM | H240: -2196476.3 | I240: Aug | J240: -60313.37
A241: FY24 | B241: Actual | C241: Procurement Allocation | D241: Function P IM allocation to BL CC | F241: Functional cost | G241: IM | H241: -2196476.3 | I241: Sep | J241: -87026.96
A242: FY24 | B242: Actual | C242: Procurement | D242: Pooling & MPC | E242: 66860000 | F242: Functional cost | G242: Pooling | H242: 1743794.4 | I242: Oct | J242: 0
A243: FY24 | B243: Actual | C243: Procurement | D243: Pooling & MPC | E243: 66860000 | F243: Functional cost | G243: Pooling | H243: 1743794.4 | I243: Nov | J243: 305164.02
A244: FY24 | B244: Actual | C244: Procurement | D244: Pooling & MPC | E244: 66860000 | F244: Functional cost | G244: Pooling | H244: 1743794.4 | I244: Dec | J244: 152582.01
A245: FY24 | B245: Actual | C245: Procurement | D245: Pooling & MPC | E245: 66860000 | F245: Functional cost | G245: Pooling | H245: 1743794.4 | I245: Jan | J245: 152582.01
A246: FY24 | B246: Actual | C246: Procurement | D246: Pooling & MPC | E246: 66860000 | F246: Functional cost | G246: Pooling | H246: 1743794.4 | I246: Feb | J246: 152582.01
A247: FY24 | B247: Actual | C247: Procurement | D247: Pooling & MPC | E247: 66860000 | F247: Functional cost | G247: Pooling | H247: 1743794.4 | I247: Mar | J247: 152582.01
A248: FY24 | B248: Actual | C248: Procurement | D248: Pooling & MPC | E248: 66860000 | F248: Functional cost | G248: Pooling | H248: 1743794.4 | I248: Apr | J248: 152582.01
A249: FY24 | B249: Actual | C249: Procurement | D249: Pooling & MPC | E249: 66860000 | F249: Functional cost | G249: Pooling | H249: 1743794.4 | I249: May | J249: 152582.01
A250: FY24 | B250: Actual | C250: Procurement | D250: Pooling & MPC | E250: 66860000 | F250: Functional cost | G250: Pooling | H250: 1743794.4 | I250: Jun | J250: 152582.01
A251: FY24 | B251: Actual | C251: Procurement | D251: Pooling & MPC | E251: 66860000 | F251: Functional cost | G251: Pooling | H251: 1743794.4 | I251: Jul | J251: 152582.01
A252: FY24 | B252: Actual | C252: Procurement | D252: Pooling & MPC | E252: 66860000 | F252: Functional cost | G252: Pooling | H252: 1743794.4 | I252: Aug | J252: 145316.2
A253: FY24 | B253: Actual | C253: Procurement | D253: Pooling & MPC | E253: 66860000 | F253: Functional cost | G253: Pooling | H253: 1743794.4 | I253: Sep | J253: 72658.1
A254: FY24 | B254: Actual | C254: Procurement Allocation | D254: Function P Pooling allocation to BL CC | F254: Functional cost | G254: Pooling | H254: -1743794.4 | I254: Oct | J254: 0
A255: FY24 | B255: Actual | C255: Procurement Allocation | D255: Function P Pooling allocation to BL CC | F255: Functional cost | G255: Pooling | H255: -1743794.4 | I255: Nov | J255: -305164.02
A256: FY24 | B256: Actual | C256: Procurement Allocation | D256: Function P Pooling allocation to BL CC | F256: Functional cost | G256: Pooling | H256: -1743794.4 | I256: Dec | J256: -152582.01
A257: FY24 | B257: Actual | C257: Procurement Allocation | D257: Function P Pooling allocation to BL CC | F257: Functional cost | G257: Pooling | H257: -1743794.4 | I257: Jan | J257: -152582.01
A258: FY24 | B258: Actual | C258: Procurement Allocation | D258: Function P Pooling allocation to BL CC | F258: Functional cost | G258: Pooling | H258: -1743794.4 | I258: Feb | J258: -152582.01
A259: FY24 | B259: Actual | C259: Procurement Allocation | D259: Function P Pooling allocation to BL CC | F259: Functional cost | G259: Pooling | H259: -1743794.4 | I259: Mar | J259: -152582.01
A260: FY24 | B260: Actual | C260: Procurement Allocation | D260: Function P Pooling allocation to BL CC | F260: Functional cost | G260: Pooling | H260: -1743794.4 | I260: Apr | J260: -152582.01
A261: FY24 | B261: Actual | C261: Procurement Allocation | D261: Function P Pooling allocation to BL CC | F261: Functional cost | G261: Pooling | H261: -1743794.4 | I261: May | J261: -152582.01
A262: FY24 | B262: Actual | C262: Procurement Allocation | D262: Function P Pooling allocation to BL CC | F262: Functional cost | G262: Pooling | H262: -1743794.4 | I262: Jun | J262: -152582.01
A263: FY24 | B263: Actual | C263: Procurement Allocation | D263: Function P Pooling allocation to BL CC | F263: Functional cost | G263: Pooling | H263: -1743794.4 | I263: Jul | J263: -152582.01
A264: FY24 | B264: Actual | C264: Procurement Allocation | D264: Function P Pooling allocation to BL CC | F264: Functional cost | G264: Pooling | H264: -1743794.4 | I264: Aug | J264: -145316.2
A265: FY24 | B265: Actual | C265: Procurement Allocation | D265: Function P Pooling allocation to BL CC | F265: Functional cost | G265: Pooling | H265: -1743794.4 | I265: Sep | J265: -72658.1
A266: FY25 | B266: Actual | C266: HR | D266: HR | E266: 66860000 | F266: Functional cost | G266: headcount | H266: 9802230 | I266: Oct | J266: 0
A267: FY25 | B267: Actual | C267: HR | D267: HR | E267: 66860000 | F267: Functional cost | G267: headcount | H267: 9802230 | I267: Nov | J267: 1633705
A268: FY25 | B268: Actual | C268: HR | D268: HR | E268: 66860000 | F268: Functional cost | G268: headcount | H268: 9802230 | I268: Dec | J268: 816852.5
A269: FY25 | B269: Actual | C269: HR | D269: HR | E269: 66860000 | F269: Functional cost | G269: headcount | H269: 9802230 | I269: Jan | J269: 816852.5
A270: FY25 | B270: Actual | C270: HR | D270: HR | E270: 66860000 | F270: Functional cost | G270: headcount | H270: 9802230 | I270: Feb | J270: 816852.5
A271: FY25 | B271: Actual | C271: HR | D271: HR | E271: 66860000 | F271: Functional cost | G271: headcount | H271: 9802230 | I271: Mar | J271: 816852.5
A272: FY25 | B272: Actual | C272: HR | D272: HR | E272: 66860000 | F272: Functional cost | G272: headcount | H272: 9802230 | I272: Apr | J272: 816852.5
A273: FY25 | B273: Actual | C273: HR | D273: HR | E273: 66860000 | F273: Functional cost | G273: headcount | H273: 9802230 | I273: May | J273: 816852.5
A274: FY25 | B274: Actual | C274: HR | D274: HR | E274: 66860000 | F274: Functional cost | G274: headcount | H274: 9802230 | I274: Jun | J274: 816852.5
A275: FY25 | B275: Actual | C275: HR | D275: HR | E275: 66860000 | F275: Functional cost | G275: headcount | H275: 9802230 | I275: Jul | J275: 816852.5
A276: FY25 | B276: Actual | C276: HR | D276: HR | E276: 66860000 | F276: Functional cost | G276: headcount | H276: 9802230 | I276: Aug | J276: 816852.5
A277: FY25 | B277: Actual | C277: HR | D277: HR | E277: 66860000 | F277: Functional cost | G277: headcount | H277: 9802230 | I277: Sep | J277: 816852.5
... A493: FY25 | B493: Actual | C493: Procurement | D493: SOP SCM | E493: 61973300 | F493: Functional cost | G493: IM | H493: 0 | I493: Sep | J493: 0
A494: FY25 | B494: Actual | C494: Procurement Allocation | D494: Function P IM allocation to BL CC | F494: Functional cost | G494: IM | H494: -2434929.2 | I494: Oct | J494: -36608.37
A495: FY25 | B495: Actual | C495: Procurement Allocation | D495: Function P IM allocation to BL CC | F495: Functional cost | G495: IM | H495: -2434929.2 | I495: Nov | J495: -382291.38
A496: FY25 | B496: Actual | C496: Procurement Allocation | D496: Function P IM allocation to BL CC | F496: Functional cost | G496: IM | H496: -2434929.2 | I496: Dec | J496: -202562.76
A497: FY25 | B497: Actual | C497: Procurement Allocation | D497: Function P IM allocation to BL CC | F497: Functional cost | G497: IM | H497: -2434929.2 | I497: Jan | J497: -205376.34
A498: FY25 | B498: Actual | C498: Procurement Allocation | D498: Function P IM allocation to BL CC | F498: Functional cost | G498: IM | H498: -2434929.2 | I498: Feb | J498: -191014.37
A499: FY25 | B499: Actual | C499: Procurement Allocation | D499: Function P IM allocation to BL CC | F499: Functional cost | G499: IM | H499: -2434929.2 | I499: Mar | J499: -202007.58
A500: FY25 | B500: Actual | C500: Procurement Allocation | D500: Function P IM allocation to BL CC | F500: Functional cost | G500: IM | H500: -2434929.2 | I500: Apr | J500: -201303.35
A501: FY25 | B501: Actual | C501: Procurement Allocation | D501: Function P IM allocation to BL CC | F501: Functional cost | G501: IM | H501: -2434929.2 | I501: May | J501: -201900.34
A502: FY25 | B502: Actual | C502: Procurement Allocation | D502: Function P IM allocation to BL CC | F502: Functional cost | G502: IM | H502: -2434929.2 | I502: Jun | J502: -197651.89
A503: FY25 | B503: Actual | C503: Procurement Allocation | D503: Function P IM allocation to BL CC | F503: Functional cost | G503: IM | H503: -2434929.2 | I503: Jul | J503: -200525.14
A504: FY25 | B504: Actual | C504: Procurement Allocation | D504: Function P IM allocation to BL CC | F504: Functional cost | G504: IM | H504: -2434929.2 | I504: Aug | J504: -210776.93
A505: FY25 | B505: Actual | C505: Procurement Allocation | D505: Function P IM allocation to BL CC | F505: Functional cost | G505: IM | H505: -2434929.2 | I505: Sep | J505: -202910.77
A506: FY25 | B506: Actual | C506: Procurement | D506: Pooling & MPC | E506: 66860000 | F506: Functional cost | G506: Pooling | H506: 1922533 | I506: Oct | J506: 0
A507: FY25 | B507: Actual | C507: Procurement | D507: Pooling & MPC | E507: 66860000 | F507: Functional cost | G507: Pooling | H507: 1922533 | I507: Nov | J507: 320422.16
A508: FY25 | B508: Actual | C508: Procurement | D508: Pooling & MPC | E508: 66860000 | F508: Functional cost | G508: Pooling | H508: 1922533 | I508: Dec | J508: 160211.08
A509: FY25 | B509: Actual | C509: Procurement | D509: Pooling & MPC | E509: 66860000 | F509: Functional cost | G509: Pooling | H509: 1922533 | I509: Jan | J509: 160211.08
A510: FY25 | B510: Actual | C510: Procurement | D510: Pooling & MPC | E510: 66860000 | F510: Functional cost | G510: Pooling | H510: 1922533 | I510: Feb | J510: 160211.08
A511: FY25 | B511: Actual | C511: Procurement | D511: Pooling & MPC | E511: 66860000 | F511: Functional cost | G511: Pooling | H511: 1922533 | I511: Mar | J511: 160211.08
A512: FY25 | B512: Actual | C512: Procurement | D512: Pooling & MPC | E512: 66860000 | F512: Functional cost | G512: Pooling | H512: 1922533 | I512: Apr | J512: 160211.08
A513: FY25 | B513: Actual | C513: Procurement | D513: Pooling & MPC | E513: 66860000 | F513: Functional cost | G513: Pooling | H513: 1922533 | I513: May | J513: 160211.08
A514: FY25 | B514: Actual | C514: Procurement | D514: Pooling & MPC | E514: 66860000 | F514: Functional cost | G514: Pooling | H514: 1922533 | I514: Jun | J514: 160211.08
A515: FY25 | B515: Actual | C515: Procurement | D515: Pooling & MPC | E515: 66860000 | F515: Functional cost | G515: Pooling | H515: 1922533 | I515: Jul | J515: 160211.08
A516: FY25 | B516: Actual | C516: Procurement | D516: Pooling & MPC | E516: 66860000 | F516: Functional cost | G516: Pooling | H516: 1922533 | I516: Aug | J516: 160211.08
A517: FY25 | B517: Actual | C517: Procurement | D517: Pooling & MPC | E517: 66860000 | F517: Functional cost | G517: Pooling | H517: 1922533 | I517: Sep | J517: 160211.08
A518: FY25 | B518: Actual | C518: Procurement Allocation | D518: Function P Pooling allocation to BL CC | F518: Functional cost | G518: Pooling | H518: -1922533 | I518: Oct | J518: 0
A519: FY25 | B519: Actual | C519: Procurement Allocation | D519: Function P Pooling allocation to BL CC | F519: Functional cost | G519: Pooling | H519: -1922533 | I519: Nov | J519: -320422.16
A520: FY25 | B520: Actual | C520: Procurement Allocation | D520: Function P Pooling allocation to BL CC | F520: Functional cost | G520: Pooling | H520: -1922533 | I520: Dec | J520: -160211.08
A521: FY25 | B521: Actual | C521: Procurement Allocation | D521: Function P Pooling allocation to BL CC | F521: Functional cost | G521: Pooling | H521: -1922533 | I521: Jan | J521: -160211.08
A522: FY25 | B522: Actual | C522: Procurement Allocation | D522: Function P Pooling allocation to BL CC | F522: Functional cost | G522: Pooling | H522: -1922533 | I522: Feb | J522: -160211.08
A523: FY25 | B523: Actual | C523: Procurement Allocation | D523: Function P Pooling allocation to BL CC | F523: Functional cost | G523: Pooling | H523: -1922533 | I523: Mar | J523: -160211.08
A524: FY25 | B524: Actual | C524: Procurement Allocation | D524: Function P Pooling allocation to BL CC | F524: Functional cost | G524: Pooling | H524: -1922533 | I524: Apr | J524: -160211.08
A525: FY25 | B525: Actual | C525: Procurement Allocation | D525: Function P Pooling allocation to BL CC | F525: Functional cost | G525: Pooling | H525: -1922533 | I525: May | J525: -160211.08
A526: FY25 | B526: Actual | C526: Procurement Allocation | D526: Function P Pooling allocation to BL CC | F526: Functional cost | G526: Pooling | H526: -1922533 | I526: Jun | J526: -160211.08
A527: FY25 | B527: Actual | C527: Procurement Allocation | D527: Function P Pooling allocation to BL CC | F527: Functional cost | G527: Pooling | H527: -1922533 | I527: Jul | J527: -160211.08
A528: FY25 | B528: Actual | C528: Procurement Allocation | D528: Function P Pooling allocation to BL CC | F528: Functional cost | G528: Pooling | H528: -1922533 | I528: Aug | J528: -160211.08
A529: FY25 | B529: Actual | C529: Procurement Allocation | D529: Function P Pooling allocation to BL CC | F529: Functional cost | G529: Pooling | H529: -1922533 | I529: Sep | J529: -160211.08
A530: FY26 | B530: Budget1 | C530: HR | D530: HR | E530: 66860000 | F530: Functional cost | G530: headcount | H530: 10383000 | I530: Oct | J530: 865250
...

Sheet Cost
A3: Year | B3: Scenario | C3: Function | D3: Cost text | E3: Account | F3: Category | G3: Key | H3: Oct | I3: Nov | J3: Dec | K3: Jan | L3: Feb | M3: Mar | N3: Apr | O3: May | P3: Jun | Q3: Jul | R3: Aug | S3: Sep | T3: Year Total
A4: FY24 | B4: Actual | C4: =VLOOKUP(D4,'Cost text mapping'!B:C,2,0) -> HR | D4: HR | E4: 66860000 | F4: Functional cost | G4: headcount | H4: 0 | I4: 1641555.7 | J4: 820777.86 | K4: 820777.86 | L4: 820777.86 | M4: 820777.86 | N4: 820777.86 | O4: 820777.86 | P4: 820777.86 | Q4: 820777.86 | R4: 820777.86 | S4: 829741.67 | T4: =SUM(H4:S4) -> 9858298.1
A5: FY24 | B5: Actual | C5: =VLOOKUP(D5,'Cost text mapping'!B:C,2,0) -> HR | D5: GBS H2R | E5: 61760040 | F5: Functional cost | G5: headcount | H5: 0 | I5: 0 | J5: 421598.65 | K5: 132704.53 | L5: 139196.42 | M5: 135499.06 | N5: 133992.88 | O5: 126488.19 | P5: 125372.5 | Q5: 124704.03 | R5: 124704.03 | S5: 122383.32 | T5: =SUM(H5:S5) -> 1586643.6
A6: FY24 | B6: Actual | C6: =VLOOKUP(D6,'Cost text mapping'!B:C,2,0) -> HR | D6: Field HR | E6: 61974200 | F6: Functional cost | G6: headcount | H6: 0 | I6: 0 | J6: 0 | K6: 58049.65 | L6: 14512.413 | M6: 14512.413 | N6: 14512.413 | O6: 14512.413 | P6: 34676.43 | Q6: 14512.41 | R6: 14512.41 | S6: 14512.4 | T6: =SUM(H6:S6) -> 194312.95
A7: FY24 | B7: Actual | C7: =VLOOKUP(D7,'Cost text mapping'!B:C,2,0) -> HR Allocation | D7: Function HR allocation to BL CC | E7: 91800150 | F7: Functional cost | G7: 480055 Cycle | H7: -974916.67 | I7: -974916.67 | J7: -974916.67 | K7: -974916.67 | L7: -974916.67 | M7: -974916.67 | N7: -974916.67 | O7: -974916.67 | P7: -974916.67 | Q7: -974916.67 | R7: -974916.67 | S7: -974916.67 | T7: =SUM(H7:S7) -> -11699000
A8: FY24 | B8: Actual | C8: =VLOOKUP(D8,'Cost text mapping'!B:C,2,0) -> IT | D8: 7092 GS IT_SW | E8: 66860000 | F8: Functional cost | G8: SAM | H8: 0 | I8: 0 | J8: 2319576.2 | K8: 763916.6 | L8: 1529909.6 | M8: 0 | N8: 755542.26 | O8: 1182550.4 | P8: 769885.52 | Q8: 856110.23 | R8: 775650.48 | S8: 766815.79 | T8: =SUM(H8:S8) -> 9719957.1
A9: FY24 | B9: Actual | C9: =VLOOKUP(D9,'Cost text mapping'!B:C,2,0) -> IT | D9: 7092 GS IT_End user | E9: 66860000 | F9: Functional cost | G9: WCW | H9: 0 | I9: 0 | J9: 737408.07 | K9: 242853.96 | L9: 390782.15 | M9: -115331.14 | N9: 205533.94 | O9: 208081.15 | P9: 207324.45 | Q9: 188505.77 | R9: 211004.08 | S9: 208600.74 | T9: =SUM(H9:S9) -> 2484763.2
A10: FY24 | B10: Actual | C10: =VLOOKUP(D10,'Cost text mapping'!B:C,2,0) -> IT | D10: 5547 GS IT | E10: 61973210 | F10: Functional cost | G10: WCW | H10: 0 | I10: 85760.08 | J10: 271881.91 | K10: 42226.03 | L10: 91355.67 | M10: 86610.64 | N10: 86563.82 | O10: 70321.42 | P10: 107494.71 | Q10: 71102.48 | R10: 90114.79 | S10: 70960.48 | T10: =SUM(H10:S10) -> 1074392
A11: FY24 | B11: Actual | C11: =VLOOKUP(D11,'Cost text mapping'!B:C,2,0) -> IT | D11: 5547 DLP | E11: 61639010 | F11: Functional cost | G11: WCW | H11: 0 | I11: 64481.6 | J11: 0 | K11: 65080.8 | L11: 51898 | M11: 140486.7 | N11: 64634.45 | O11: 64374.75 | P11: 61414.85 | Q11: 57177.6 | R11: 55805.4 | S11: 60912.4 | T11: =SUM(H11:S11) -> 686266.55
A12: FY24 | B12: Actual | C12: =VLOOKUP(D12,'Cost text mapping'!B:C,2,0) -> IT | D12: P41 | E12: 66860000 | F12: Functional cost | G12: WCW | H12: 0 | I12: 0 | J12: 0 | K12: 0 | L12: 1560461.4 | M12: 0 | N12: 0 | O12: 780180.76 | P12: 0 | Q12: 784406.6 | R12: 0 | S12: 0 | T12: =SUM(H12:S12) -> 3125048.8
A13: FY24 | B13: Actual | C13: =VLOOKUP(D13,'Cost text mapping'!B:C,2,0) -> IT | D13: M365 Collaboration | E13: 66860000 | F13: Functional cost | G13: WCW | H13: 0 | I13: 0 | J13: 0 | K13: 0 | L13: 0 | M13: 105573.16 | N13: 15561.567 | O13: 0 | P13: 22477.479 | Q13: 0 | R13: 0 | S13: 0 | T13: =SUM(H13:S13) -> 143612.21
A14: FY24 | B14: Actual | C14: =VLOOKUP(D14,'Cost text mapping'!B:C,2,0) -> IT | D14: M365 Messaging | E14: 66860000 | F14: Functional cost | G14: WCW | H14: 0 | I14: 0 | J14: 0 | K14: 0 | L14: 0 | M14: 27604.36 | N14: 26880.322 | O14: 0 | P14: 8606.8675 | Q14: 0 | R14: 0 | S14: 0 | T14: =SUM(H14:S14) -> 63091.55
A15: FY24 | B15: Actual | C15: =VLOOKUP(D15,'Cost text mapping'!B:C,2,0) -> IT | D15: MWP | E15: 61639010 | F15: Functional cost | G15: WCW | H15: 0 | I15: 0 | J15: 0 | K15: 0 | L15: 0 | M15: 477544.45 | N15: 203849.21 | O15: 207053.42 | P15: 137191.95 | Q15: 221390.78 | R15: 178031.77 | S15: 483203.83 | T15: =SUM(H15:S15) -> 1908265.4
... A22: FY24 | B22: Actual | C22: =VLOOKUP(D22,'Cost text mapping'!B:C,2,0) -> Procurement | D22: SOP SCM | E22: 61973300 | F22: Functional cost | G22: IM | H22: 0 | I22: 0 | J22: 0 | K22: 0 | L22: 0 | M22: 0 | N22: 0 | O22: 0 | P22: 0 | Q22: 0 | R22: 0 | S22: 0 | T22: =SUM(H22:S22) -> 0
A23: FY24 | B23: Actual | C23: =VLOOKUP(D23,'Cost text mapping'!B:C,2,0) -> Procurement Allocation | D23: Function P IM allocation to BL CC | F23: Functional cost | G23: IM | H23: =-SUM(H20:H22) -> -21307.49 | I23: =-SUM(I20:I22) -> -361449.2 | J23: =-SUM(J20:J22) -> -187399.27 | K23: =-SUM(K20:K22) -> -149157.35 | L23: =-SUM(L20:L22) -> -237840.34 | M23: =-SUM(M20:M22) -> -189868.63 | N23: =-SUM(N20:N22) -> -202429.97 | O23: =-SUM(O20:O22) -> -192988.93 | ... S23: =-SUM(S20:S22) -> -87026.96 | T23: =SUM(H23:S23) -> -2196476.3
A24: FY24 | B24: Actual | C24: =VLOOKUP(D24,'Cost text mapping'!B:C,2,0) -> Procurement | D24: Pooling & MPC | E24: 66860000 | F24: Functional cost | G24: Pooling | H24: 0 | I24: 305164.02 | J24: 152582.01 | K24: 152582.01 | L24: 152582.01 | M24: 152582.01 | N24: 152582.01 | O24: 152582.01 | P24: 152582.01 | Q24: 152582.01 | R24: 145316.2 | S24: 72658.1 | T24: =SUM(H24:S24) -> 1743794.4
A25: FY24 | B25: Actual | C25: =VLOOKUP(D25,'Cost text mapping'!B:C,2,0) -> Procurement Allocation | D25: Function P Pooling allocation to BL CC | F25: Functional cost | G25: Pooling | H25: =-H24 -> 0 | I25: =-I24 -> -305164.02 | J25: =-J24 -> -152582.01 | K25: =-K24 -> -152582.01 | L25: =-L24 -> -152582.01 | M25: =-M24 -> -152582.01 | N25: =-N24 -> -152582.01 | O25: =-O24 -> -152582.01 | ... S25: =-S24 -> -72658.1 | T25: =SUM(H25:S25) -> -1743794.4
A26: FY25 | B26: Actual | C26: =VLOOKUP(D26,'Cost text mapping'!B:C,2,0) -> HR | D26: HR | E26: 66860000 | F26: Functional cost | G26: headcount | H26: 0 | I26: 1633705 | J26: 816852.5 | K26: 816852.5 | L26: 816852.5 | M26: 816852.5 | N26: 816852.5 | O26: 816852.5 | P26: 816852.5 | Q26: 816852.5 | R26: 816852.5 | S26: 816852.5 | T26: =SUM(H26:S26) -> 9802230
A27: FY25 | B27: Actual | C27: =VLOOKUP(D27,'Cost text mapping'!B:C,2,0) -> HR | D27: GBS H2R | E27: 61760040 | F27: Functional cost | G27: headcount | H27: 82739.2 | I27: 161264.28 | J27: 114511.99 | K27: 112380 | L27: 112956.99 | M27: 111858.8 | N27: 113134.89 | O27: 113994.52 | P27: 111318.21 | Q27: 113651.82 | R27: 114896.97 | S27: 107111.08 | T27: =SUM(H27:S27) -> 1369818.8
A28: FY25 | B28: Actual | C28: =VLOOKUP(D28,'Cost text mapping'!B:C,2,0) -> HR | D28: Field HR | E28: 61974200 | F28: Functional cost | G28: headcount | H28: 0 | I28: 0 | J28: 0 | K28: 62196.68 | L28: 0 | M28: 15549.17 | N28: 15549.17 | O28: 31098.34 | P28: 36222.13 | Q28: -23.41 | R28: 15549 | S28: 53913.96 | T28: =SUM(H28:S28) -> 230055.04
A29: FY25 | B29: Actual | C29: =VLOOKUP(D29,'Cost text mapping'!B:C,2,0) -> HR Allocation | D29: Function HR allocation to BL CC | E29: 91800150 | F29: Functional cost | G29: 480055 Cycle | H29: -968000 | I29: -968000 | J29: -968000 | K29: -968000 | L29: -968000 | M29: -968000 | N29: -968000 | O29: -968000 | P29: -968000 | Q29: -968000 | R29: -968000 | S29: -968000 | T29: =SUM(H29:S29) -> -11616000
A30: FY25 | B30: Actual | C30: =VLOOKUP(D30,'Cost text mapping'!B:C,2,0) -> IT | D30: 7092 GS IT_SW | E30: 66860000 | F30: Functional cost | G30: SAM | H30: 0 | I30: 1887302.7 | J30: 803441.88 | K30: 1348772.8 | L30: 942069.28 | M30: 971140.07 | N30: 438401.57 | O30: 1010988.8 | P30: 1028478.3 | Q30: -292109.39 | R30: 1032643.6 | S30: 1039379.8 | T30: =SUM(H30:S30) -> 10210509
A31: FY25 | B31: Actual | C31: =VLOOKUP(D31,'Cost text mapping'!B:C,2,0) -> IT | D31: 7092 GS IT_End user | E31: 66860000 | F31: Functional cost | G31: WCW | H31: 0 | I31: 244688.5 | J31: 103798.25 | K31: 103840.69 | L31: 168334.15 | M31: 174628.68 | N31: 182809.06 | O31: 180649.08 | P31: 183774.2 | Q31: 157090.31 | R31: 184518.47 | S31: 185722.15 | T31: =SUM(H31:S31) -> 1869853.5
A32: FY25 | B32: Actual | C32: =VLOOKUP(D32,'Cost text mapping'!B:C,2,0) -> IT | D32: 5547 GS IT | E32: 61973210 | F32: Functional cost | G32: WCW | H32: 0 | I32: 0 | J32: 57507.02 | K32: 21741.2 | L32: 21878.2 | M32: 38803.8 | N32: 23230 | O32: 22781.8 | P32: 23270.4 | Q32: 23374.6 | R32: 23460.8 | S32: 23327.4 | T32: =SUM(H32:S32) -> 279375.22
A33: FY25 | B33: Actual | C33: =VLOOKUP(D33,'Cost text mapping'!B:C,2,0) -> IT | D33: P41 | E33: 66860000 | F33: Functional cost | G33: WCW | H33: 0 | I33: 0 | J33: 819416.38 | K33: 0 | L33: 0 | M33: 694383 | N33: 0 | O33: 0 | P33: 824247.4 | Q33: 0 | R33: 820398.12 | S33: 0 | T33: =SUM(H33:S33) -> 3158444.9
A34: FY25 | B34: Actual | C34: =VLOOKUP(D34,'Cost text mapping'!B:C,2,0) -> IT | D34: M365 Collaboration | E34: 66860000 | F34: Functional cost | G34: WCW | H34: 0 | I34: 16707.694 | J34: 21038.076 | K34: 23683.68 | L34: 19581.327 | M34: 22575.408 | N34: 0 | O34: 0 | P34: 0 | Q34: 0 | R34: 0 | S34: 0 | T34: =SUM(H34:S34) -> 103586.19
A35: FY25 | B35: Actual | C35: =VLOOKUP(D35,'Cost text mapping'!B:C,2,0) -> IT | D35: M365 Messaging | E35: 66860000 | F35: Functional cost | G35: WCW | H35: 0 | I35: 9204.6958 | J35: 3978.8336 | K35: 7768.8323 | L35: -5748.9513 | M35: 13155.869 | N35: 0 | O35: 0 | P35: 0 | Q35: 0 | R35: 0 | S35: 0 | T35: =SUM(H35:S35) -> 28359.279
A36: FY25 | B36: Actual | C36: =VLOOKUP(D36,'Cost text mapping'!B:C,2,0) -> IT | D36: MWP | E36: 66860000 | F36: Functional cost | G36: WCW | H36: 0 | I36: 78643.866 | J36: 221297.08 | K36: 159471.62 | L36: 138963.12 | M36: 213276.97 | N36: 321525.1 | O36: 353273.91 | P36: 348192.49 | Q36: 396891.43 | R36: 483438.02 | S36: 744306.76 | T36: =SUM(H36:S36) -> 3459280.4
A37: FY25 | B37: Actual | C37: =VLOOKUP(D37,'Cost text mapping'!B:C,2,0) -> IT | D37: SD-LAN Local | E37: 61639010 | F37: Functional cost | G37: WCW | H37: 0 | I37: 0 | J37: 563588.38 | K37: 187862.79 | L37: 195152.54 | M37: 173973.46 | N37: 173973.46 | O37: 173973.46 | P37: 173973.46 | Q37: 484134.61 | R37: 488587.3 | S37: 68126.91 | T37: =SUM(H37:S37) -> 2683346.4
... A44: FY25 | B44: Actual | C44: =VLOOKUP(D44,'Cost text mapping'!B:C,2,0) -> Procurement | D44: SOP SCM | E44: 61973300 | F44: Functional cost | G44: IM | H44: 0 | I44: 0 | J44: 0 | K44: 0 | L44: 0 | M44: 0 | N44: 0 | O44: 0 | P44: 0 | Q44: 0 | R44: 0 | S44: 0 | T44: =SUM(H44:S44) -> 0
A45: FY25 | B45: Actual | C45: =VLOOKUP(D45,'Cost text mapping'!B:C,2,0) -> Procurement Allocation | D45: Function P IM allocation to BL CC | F45: Functional cost | G45: IM | H45: =-SUM(H42:H44) -> -36608.37 | I45: =-SUM(I42:I44) -> -382291.38 | J45: =-SUM(J42:J44) -> -202562.76 | K45: =-SUM(K42:K44) -> -205376.34 | L45: =-SUM(L42:L44) -> -191014.37 | M45: =-SUM(M42:M44) -> -202007.58 | N45: =-SUM(N42:N44) -> -201303.35 | O45: =-SUM(O42:O44) -> -201900.34 | ... S45: =-SUM(S42:S44) -> -202910.77 | T45: =SUM(H45:S45) -> -2434929.2
A46: FY25 | B46: Actual | C46: =VLOOKUP(D46,'Cost text mapping'!B:C,2,0) -> Procurement | D46: Pooling & MPC | E46: 66860000 | F46: Functional cost | G46: Pooling | H46: 0 | I46: 320422.16 | J46: 160211.08 | K46: 160211.08 | L46: 160211.08 | M46: 160211.08 | N46: 160211.08 | O46: 160211.08 | P46: 160211.08 | Q46: 160211.08 | R46: 160211.08 | S46: 160211.08 | T46: =SUM(H46:S46) -> 1922533
A47: FY25 | B47: Actual | C47: =VLOOKUP(D47,'Cost text mapping'!B:C,2,0) -> Procurement Allocation | D47: Function P Pooling allocation to BL CC | F47: Functional cost | G47: Pooling | H47: =-H46 -> 0 | I47: =-I46 -> -320422.16 | J47: =-J46 -> -160211.08 | K47: =-K46 -> -160211.08 | L47: =-L46 -> -160211.08 | M47: =-M46 -> -160211.08 | N47: =-N46 -> -160211.08 | O47: =-O46 -> -160211.08 | ... S47: =-S46 -> -160211.08 | T47: =SUM(H47:S47) -> -1922533
A48: FY26 | B48: Budget1 | C48: =VLOOKUP(D48,'Cost text mapping'!B:C,2,0) -> HR | D48: HR | E48: 66860000 | F48: Functional cost | G48: headcount | H48: 865250 | I48: 865250 | J48: 865250 | K48: 865250 | L48: 865250 | M48: 865250 | N48: 865250 | O48: 865250 | P48: 865250 | Q48: 865250 | R48: 865250 | S48: 865250 | T48: =SUM(H48:S48) -> 10383000
A49: FY26 | B49: Budget1 | C49: =VLOOKUP(D49,'Cost text mapping'!B:C,2,0) -> HR | D49: GBS H2R | E49: 61760040 | F49: Functional cost | G49: headcount | H49: 122603.33 | I49: 122603.33 | J49: 122603.33 | K49: 122603.33 | L49: 122603.33 | M49: 122603.33 | N49: 122603.33 | O49: 122603.33 | P49: 122603.33 | Q49: 122603.33 | R49: 122603.33 | S49: 122603.33 | T49: =SUM(H49:S49) -> 1471240
A50: FY26 | B50: Budget1 | C50: =VLOOKUP(D50,'Cost text mapping'!B:C,2,0) -> HR | D50: Field HR | E50: 61974200 | F50: Functional cost | G50: headcount | H50: 16678.583 | I50: 16678.583 | J50: 16678.583 | K50: 16678.583 | L50: 16678.583 | M50: 16678.583 | N50: 16678.583 | O50: 16678.583 | P50: 16678.583 | Q50: 16678.583 | R50: 16678.583 | S50: 16678.583 | T50: =SUM(H50:S50) -> 200143
A51: FY26 | B51: Budget1 | C51: =VLOOKUP(D51,'Cost text mapping'!B:C,2,0) -> HR Allocation | D51: Function HR allocation to BL CC | E51: 91800150 | F51: Functional cost | G51: 480055 Cycle | H51: -1004531.9 | I51: -1004531.9 | J51: -1004531.9 | K51: -1004531.9 | L51: -1004531.9 | M51: -1004531.9 | N51: -1004531.9 | O51: -1004531.9 | P51: -1004531.9 | Q51: -1004531.9 | R51: -1004531.9 | S51: -1004531.9 | T51: =SUM(H51:S51) -> -12054383
A52: FY26 | B52: Budget1 | C52: =VLOOKUP(D52,'Cost text mapping'!B:C,2,0) -> IT | D52: 7092 GS IT_SW | E52: 66860000 | F52: Functional cost | G52: SAM | H52: 977413 | I52: 977413 | J52: 977413 | K52: 977413 | L52: 977413 | M52: 977413 | N52: 977413 | O52: 977413 | P52: 977413 | Q52: 977413 | R52: 977413 | S52: 1787413 | T52: =SUM(H52:S52) -> 12538956
A53: FY26 | B53: Budget1 | C53: =VLOOKUP(D53,'Cost text mapping'!B:C,2,0) -> IT | D53: 7092 GS IT_End user | E53: 66860000 | F53: Functional cost | G53: WCW | H53: 161138 | I53: 161138 | J53: 161138 | K53: 161138 | L53: 161138 | M53: 161138 | N53: 161138 | O53: 161138 | P53: 161138 | Q53: 161138 | R53: 161138 | S53: 161138 | T53: =SUM(H53:S53) -> 1933656
A54: FY26 | B54: Budget1 | C54: =VLOOKUP(D54,'Cost text mapping'!B:C,2,0) -> IT | D54: 5547 GS IT | E54: 61973210 | F54: Functional cost | G54: WCW | H54: 27921 | I54: 27921 | J54: 27921 | K54: 27921 | L54: 27921 | M54: 27921 | N54: 27921 | O54: 27921 | P54: 27921 | Q54: 27921 | R54: 27921 | S54: 25574 | T54: =SUM(H54:S54) -> 332705
A55: FY26 | B55: Budget1 | C55: =VLOOKUP(D55,'Cost text mapping'!B:C,2,0) -> IT | D55: P41 | E55: 66860000 | F55: Functional cost | G55: WCW | H55: 268075 | I55: 268075 | J55: 268075 | K55: 268075 | L55: 268075 | M55: 268075 | N55: 268075 | O55: 268075 | P55: 268075 | Q55: 268075 | R55: 268075 | S55: 268075 | T55: =SUM(H55:S55) -> 3216900
A56: FY26 | B56: Budget1 | C56: =VLOOKUP(D56,'Cost text mapping'!B:C,2,0) -> IT | D56: M365 Collaboration | E56: 66860000 | F56: Functional cost | G56: WCW | H56: 26564 | I56: 26564 | J56: 26564 | K56: 26564 | L56: 26564 | M56: 26564 | N56: 26564 | O56: 26564 | P56: 26564 | Q56: 26564 | R56: 26564 | S56: 26564 | T56: =SUM(H56:S56) -> 318768
A57: FY26 | B57: Budget1 | C57: =VLOOKUP(D57,'Cost text mapping'!B:C,2,0) -> IT | D57: M365 Messaging | E57: 66860000 | F57: Functional cost | G57: WCW | H57: 8877 | I57: 8877 | J57: 8877 | K57: 8877 | L57: 8877 | M57: 8877 | N57: 8877 | O57: 8877 | P57: 8877 | Q57: 8877 | R57: 8877 | S57: 8877 | T57: =SUM(H57:S57) -> 106524
A58: FY26 | B58: Budget1 | C58: =VLOOKUP(D58,'Cost text mapping'!B:C,2,0) -> IT | D58: MWP | E58: 66860000 | F58: Functional cost | G58: WCW | H58: 194167 | I58: 194167 | J58: 194167 | K58: 194167 | L58: 194167 | M58: 194167 | N58: 194167 | O58: 194167 | P58: 194167 | Q58: 194167 | R58: 194167 | S58: 194167 | T58: =SUM(H58:S58) -> 2330004
A59: FY26 | B59: Budget1 | C59: =VLOOKUP(D59,'Cost text mapping'!B:C,2,0) -> IT | D59: SD-LAN Local | E59: 61639010 | F59: Functional cost | G59: WCW | H59: 200000 | I59: 200000 | J59: 200000 | K59: 200000 | L59: 200000 | M59: 200000 | N59: 200000 | O59: 200000 | P59: 200000 | Q59: 200000 | R59: 200000 | S59: 200000 | T59: =SUM(H59:S59) -> 2400000
... A66: FY26 | B66: Budget1 | C66: =VLOOKUP(D66,'Cost text mapping'!B:C,2,0) -> Procurement | D66: SOP SCM | E66: 61973300 | F66: Functional cost | G66: IM | H66: 0 | I66: 0 | J66: 0 | K66: 0 | L66: 0 | M66: 0 | N66: 0 | O66: 0 | P66: 0 | Q66: 0 | R66: 0 | S66: 0 | T66: =SUM(H66:S66) -> 0
A67: FY26 | B67: Budget1 | C67: =VLOOKUP(D67,'Cost text mapping'!B:C,2,0) -> Procurement Allocation | D67: Function P IM allocation to BL CC | F67: Functional cost | G67: IM | H67: =-SUM(H64:H66) -> -209333.33 | I67: =-SUM(I64:I66) -> -209333.33 | J67: =-SUM(J64:J66) -> -209333.33 | K67: =-SUM(K64:K66) -> -209333.33 | L67: =-SUM(L64:L66) -> -209333.33 | M67: =-SUM(M64:M66) -> -209333.33 | N67: =-SUM(N64:N66) -> -209333.33 | O67: =-SUM(O64:O66) -> -209333.33 | ... S67: =-SUM(S64:S66) -> -209333.33 | T67: =SUM(H67:S67) -> -2512000
A68: FY26 | B68: Budget1 | C68: =VLOOKUP(D68,'Cost text mapping'!B:C,2,0) -> Procurement | D68: Pooling & MPC | E68: 66860000 | F68: Functional cost | G68: Pooling | H68: 168250 | I68: 168250 | J68: 168250 | K68: 168250 | L68: 168250 | M68: 168250 | N68: 168250 | O68: 168250 | P68: 168250 | Q68: 168250 | R68: 168250 | S68: 168250 | T68: =SUM(H68:S68) -> 2019000
A69: FY26 | B69: Budget1 | C69: =VLOOKUP(D69,'Cost text mapping'!B:C,2,0) -> Procurement Allocation | D69: Function P Pooling allocation to BL CC | F69: Functional cost | G69: Pooling | H69: =-H68 -> -168250 | I69: =-I68 -> -168250 | J69: =-J68 -> -168250 | K69: =-K68 -> -168250 | L69: =-L68 -> -168250 | M69: =-M68 -> -168250 | N69: =-N68 -> -168250 | O69: =-O68 -> -168250 | ... S69: =-S68 -> -168250 | T69: =SUM(H69:S69) -> -2019000

Sheet Rate
B1: Year | C1: FY24 | D1: FY24 | E1: FY24 | F1: FY24 | G1: FY24 | H1: FY24 | I1: FY24 | J1: FY24 | K1: FY24 | L1: FY24 | M1: FY24 | N1: FY24 | O1: FY24 | P1: FY24 | Q1: FY24 | R1: FY24 | S1: FY24 | T1: FY24 | U1: FY24 | V1: FY24 | W1: FY24 | X1: FY24 | Y1: FY24 | Z1: FY24 | AA1: FY24 | AB1: FY24 | AC1: FY24 | AD1: FY24 | AE1: FY24 | AF1: FY24 | AG1: FY24 | AH1: FY24 | AI1: FY24 | AJ1: FY24 | AK1: FY24 | AL1: FY24 | AM1: FY24 | AN1: FY24 | AO1: FY24 | AP1: FY24 | AQ1: FY24 | AR1: FY24 | AS1: FY24 | AT1: FY24 | AU1: FY24 | AV1: FY24 | AW1: FY24 | AX1: FY24 | AY1: FY24 | AZ1: FY24 | BA1: FY24 | BB1: FY24 | BC1: FY24 | BD1: FY24 | BE1: FY24 | BF1: FY24 | BG1: FY24 | BH1: FY24 | BI1: FY24 | BJ1: FY24 | BK1: FY24 | BL1: FY24 | BM1: FY24 | BN1: FY24 | BO1: FY24 | BP1: FY24 | BQ1: FY24 | BR1: FY24 | BS1: FY24 | BT1: FY24 | BU1: FY24 | BV1: FY24 | BW1: FY24 | BX1: FY24 | BY1: FY24 | BZ1: FY24 | CA1: FY24 | CB1: FY24 | CC1: FY24 | CD1: FY24 | CE1: FY24 | CF1: FY24 | CG1: FY24 | CH1: FY24 | CI1: FY24 | CJ1: FY24 | CK1: FY24 | CL1: FY24 | CM1: FY24 | CN1: FY24 | CO1: FY24 | CP1: FY24 | CQ1: FY24 | CR1: FY24 | CS1: FY24 | CT1: FY24 | CU1: FY25 | CV1: FY25 | CW1: FY25 | CX1: FY25 | CY1: FY25 | CZ1: FY25 | DA1: FY25 | DB1: FY25 | DC1: FY25 | DD1: FY25 | DE1: FY25 | DF1: FY25 | DG1: FY25 | DH1: FY25 | DI1: FY25 | DJ1: FY25 | DK1: FY25 | DL1: FY25 | DM1: FY25 | DN1: FY25 | DO1: FY25 | DP1: FY25 | DQ1: FY25 | DR1: FY25 | DS1: FY25 | DT1: FY25 | DU1: FY25 | DV1: FY25 | DW1: FY25 | DX1: FY25 | DY1: FY25 | DZ1: FY25 | EA1: FY25 | EB1: FY25 | EC1: FY25 | ED1: FY25 | EE1: FY25 | EF1: FY25 | EG1: FY25 | EH1: FY25 | EI1: FY25 | EJ1: FY25 | EK1: FY25 | EL1: FY25 | EM1: FY25 | EN1: FY25 | EO1: FY25 | EP1: FY25 | EQ1: FY25 | ER1: FY25 | ES1: FY25 | ET1: FY25 | EU1: FY25 | EV1: FY25 | EW1: FY25 | EX1: FY25 | EY1: FY25 | EZ1: FY25 | FA1: FY25 | FB1: FY25 | FC1: FY25 | FD1: FY25 | FE1: FY25 | FF1: FY25 | FG1: FY25 | FH1: FY25 | FI1: FY25 | FJ1: FY25 | FK1: FY25 | FL1: FY25 | FM1: FY25 | FN1: FY25 | FO1: FY25 | FP1: FY25 | FQ1: FY25 | FR1: FY25 | FS1: FY25 | FT1: FY25 | FU1: FY25 | FV1: FY25 | FW1: FY25 | FX1: FY25 | FY1: FY25 | FZ1: FY25 | GA1: FY25 | GB1: FY25 | GC1: FY25 | GD1: FY25 | GE1: FY25 | GF1: FY25 | GG1: FY25 | GH1: FY25 | GI1: FY25 | GJ1: FY25 | GK1: FY25 | GL1: FY25 | GM1: FY26 | GN1: FY26 | GO1: FY26 | GP1: FY26 | GQ1: FY26 | GR1: FY26 | GS1: FY26 | GT1: FY26 | GU1: FY26 | GV1: FY26 | GW1: FY26 | GX1: FY26 | GY1: FY26 | GZ1: FY26 | HA1: FY26 | HB1: FY26 | HC1: FY26 | HD1: FY26 | HE1: FY26 | HF1: FY26 | HG1: FY26 | HH1: FY26 | HI1: FY26 | HJ1: FY26 | HK1: FY26 | HL1: FY26 | HM1: FY26 | HN1: FY26 | HO1: FY26 | HP1: FY26 | HQ1: FY26 | HR1: FY26 | HS1: FY26 | HT1: FY26 | HU1: FY26 | HV1: FY26 | HW1: FY26 | HX1: FY26 | HY1: FY26 | HZ1: FY26 | IA1: FY26 | IB1: FY26 | IC1: FY26 | ID1: FY26 | IE1: FY26 | IF1: FY26 | IG1: FY26 | IH1: FY26 | II1: FY26 | IJ1: FY26 | IK1: FY26 | IL1: FY26 | IM1: FY26 | IN1: FY26 | IO1: FY26 | IP1: FY26 | IQ1: FY26 | IR1: FY26 | IS1: FY26 | IT1: FY26 | IU1: FY26 | IV1: FY26 | IW1: FY26 | IX1: FY26 | IY1: FY26 | IZ1: FY26 | JA1: FY26 | JB1: FY26 | JC1: FY26 | JD1: FY26 | JE1: FY26 | JF1: FY26 | JG1: FY26 | JH1: FY26 | JI1: FY26 | JJ1: FY26 | JK1: FY26 | JL1: FY26 | JM1: FY26 | JN1: FY26 | JO1: FY26 | JP1: FY26 | JQ1: FY26 | JR1: FY26 | JS1: FY26 | JT1: FY26 | JU1: FY26 | JV1: FY26 | JW1: FY26 | JX1: FY26 | JY1: FY26 | JZ1: FY26 | KA1: FY26 | KB1: FY26 | KC1: FY26 | KD1: FY26
B2: Scenario | C2: Actual | D2: Actual | E2: Actual | F2: Actual | G2: Actual | H2: Actual | I2: Actual | J2: Actual | K2: Actual | L2: Actual | M2: Actual | N2: Actual | O2: Actual | P2: Actual | Q2: Actual | R2: Actual | S2: Actual | T2: Actual | U2: Actual | V2: Actual | W2: Actual | X2: Actual | Y2: Actual | Z2: Actual | AA2: Actual | AB2: Actual | AC2: Actual | AD2: Actual | AE2: Actual | AF2: Actual | AG2: Actual | AH2: Actual | AI2: Actual | AJ2: Actual | AK2: Actual | AL2: Actual | AM2: Actual | AN2: Actual | AO2: Actual | AP2: Actual | AQ2: Actual | AR2: Actual | AS2: Actual | AT2: Actual | AU2: Actual | AV2: Actual | AW2: Actual | AX2: Actual | AY2: Actual | AZ2: Actual | BA2: Actual | BB2: Actual | BC2: Actual | BD2: Actual | BE2: Actual | BF2: Actual | BG2: Actual | BH2: Actual | BI2: Actual | BJ2: Actual | BK2: Actual | BL2: Actual | BM2: Actual | BN2: Actual | BO2: Actual | BP2: Actual | BQ2: Actual | BR2: Actual | BS2: Actual | BT2: Actual | BU2: Actual | BV2: Actual | BW2: Actual | BX2: Actual | BY2: Actual | BZ2: Actual | CA2: Actual | CB2: Actual | CC2: Actual | CD2: Actual | CE2: Actual | CF2: Actual | CG2: Actual | CH2: Actual | CI2: Actual | CJ2: Actual | CK2: Actual | CL2: Actual | CM2: Actual | CN2: Actual | CO2: Actual | CP2: Actual | CQ2: Actual | CR2: Actual | CS2: Actual | CT2: Actual | CU2: Actual | CV2: Actual | CW2: Actual | CX2: Actual | CY2: Actual | CZ2: Actual | DA2: Actual | DB2: Actual | DC2: Actual | DD2: Actual | DE2: Actual | DF2: Actual | DG2: Actual | DH2: Actual | DI2: Actual | DJ2: Actual | DK2: Actual | DL2: Actual | DM2: Actual | DN2: Actual | DO2: Actual | DP2: Actual | DQ2: Actual | DR2: Actual | DS2: Actual | DT2: Actual | DU2: Actual | DV2: Actual | DW2: Actual | DX2: Actual | DY2: Actual | DZ2: Actual | EA2: Actual | EB2: Actual | EC2: Actual | ED2: Actual | EE2: Actual | EF2: Actual | EG2: Actual | EH2: Actual | EI2: Actual | EJ2: Actual | EK2: Actual | EL2: Actual | EM2: Actual | EN2: Actual | EO2: Actual | EP2: Actual | EQ2: Actual | ER2: Actual | ES2: Actual | ET2: Actual | EU2: Actual | EV2: Actual | EW2: Actual | EX2: Actual | EY2: Actual | EZ2: Actual | FA2: Actual | FB2: Actual | FC2: Actual | FD2: Actual | FE2: Actual | FF2: Actual | FG2: Actual | FH2: Actual | FI2: Actual | FJ2: Actual | FK2: Actual | FL2: Actual | FM2: Actual | FN2: Actual | FO2: Actual | FP2: Actual | FQ2: Actual | FR2: Actual | FS2: Actual | FT2: Actual | FU2: Actual | FV2: Actual | FW2: Actual | FX2: Actual | FY2: Actual | FZ2: Actual | GA2: Actual | GB2: Actual | GC2: Actual | GD2: Actual | GE2: Actual | GF2: Actual | GG2: Actual | GH2: Actual | GI2: Actual | GJ2: Actual | GK2: Actual | GL2: Actual | GM2: Budget1 | GN2: Budget1 | GO2: Budget1 | GP2: Budget1 | GQ2: Budget1 | GR2: Budget1 | GS2: Budget1 | GT2: Budget1 | GU2: Budget1 | GV2: Budget1 | GW2: Budget1 | GX2: Budget1 | GY2: Budget1 | GZ2: Budget1 | HA2: Budget1 | HB2: Budget1 | HC2: Budget1 | HD2: Budget1 | HE2: Budget1 | HF2: Budget1 | HG2: Budget1 | HH2: Budget1 | HI2: Budget1 | HJ2: Budget1 | HK2: Budget1 | HL2: Budget1 | HM2: Budget1 | HN2: Budget1 | HO2: Budget1 | HP2: Budget1 | HQ2: Budget1 | HR2: Budget1 | HS2: Budget1 | HT2: Budget1 | HU2: Budget1 | HV2: Budget1 | HW2: Budget1 | HX2: Budget1 | HY2: Budget1 | HZ2: Budget1 | IA2: Budget1 | IB2: Budget1 | IC2: Budget1 | ID2: Budget1 | IE2: Budget1 | IF2: Budget1 | IG2: Budget1 | IH2: Budget1 | II2: Budget1 | IJ2: Budget1 | IK2: Budget1 | IL2: Budget1 | IM2: Budget1 | IN2: Budget1 | IO2: Budget1 | IP2: Budget1 | IQ2: Budget1 | IR2: Budget1 | IS2: Budget1 | IT2: Budget1 | IU2: Budget1 | IV2: Budget1 | IW2: Budget1 | IX2: Budget1 | IY2: Budget1 | IZ2: Budget1 | JA2: Budget1 | JB2: Budget1 | JC2: Budget1 | JD2: Budget1 | JE2: Budget1 | JF2: Budget1 | JG2: Budget1 | JH2: Budget1 | JI2: Budget1 | JJ2: Budget1 | JK2: Budget1 | JL2: Budget1 | JM2: Budget1 | JN2: Budget1 | JO2: Budget1 | JP2: Budget1 | JQ2: Budget1 | JR2: Budget1 | JS2: Budget1 | JT2: Budget1 | JU2: Budget1 | JV2: Budget1 | JW2: Budget1 | JX2: Budget1 | JY2: Budget1 | JZ2: Budget1 | KA2: Budget1 | KB2: Budget1 | KC2: Budget1 | KD2: Budget1
B3: Period | C3: Oct | D3: Nov | E3: Dec | F3: Jan | G3: Feb | H3: Mar | I3: Apr | J3: May | K3: Jun | L3: Jul | M3: Aug | N3: Sep | O3: Oct | P3: Nov | Q3: Dec | R3: Jan | S3: Feb | T3: Mar | U3: Apr | V3: May | W3: Jun | X3: Jul | Y3: Aug | Z3: Sep | AA3: Oct | AB3: Nov | AC3: Dec | AD3: Jan | AE3: Feb | AF3: Mar | AG3: Apr | AH3: May | AI3: Jun | AJ3: Jul | AK3: Aug | AL3: Sep | AM3: Oct | AN3: Nov | AO3: Dec | AP3: Jan | AQ3: Feb | AR3: Mar | AS3: Apr | AT3: May | AU3: Jun | AV3: Jul | AW3: Aug | AX3: Sep | AY3: Oct | AZ3: Nov | BA3: Dec | BB3: Jan | BC3: Feb | BD3: Mar | BE3: Apr | BF3: May | BG3: Jun | BH3: Jul | BI3: Aug | BJ3: Sep | BK3: Oct | BL3: Nov | BM3: Dec | BN3: Jan | BO3: Feb | BP3: Mar | BQ3: Apr | BR3: May | BS3: Jun | BT3: Jul | BU3: Aug | BV3: Sep | BW3: Oct | BX3: Nov | BY3: Dec | BZ3: Jan | CA3: Feb | CB3: Mar | CC3: Apr | CD3: May | CE3: Jun | CF3: Jul | CG3: Aug | CH3: Sep | CI3: Oct | CJ3: Nov | CK3: Dec | CL3: Jan | CM3: Feb | CN3: Mar | CO3: Apr | CP3: May | CQ3: Jun | CR3: Jul | CS3: Aug | CT3: Sep | CU3: Oct | CV3: Nov | CW3: Dec | CX3: Jan | CY3: Feb | CZ3: Mar | DA3: Apr | DB3: May | DC3: Jun | DD3: Jul | DE3: Aug | DF3: Sep | DG3: Oct | DH3: Nov | DI3: Dec | DJ3: Jan | DK3: Feb | DL3: Mar | DM3: Apr | DN3: May | DO3: Jun | DP3: Jul | DQ3: Aug | DR3: Sep | DS3: Oct | DT3: Nov | DU3: Dec | DV3: Jan | DW3: Feb | DX3: Mar | DY3: Apr | DZ3: May | EA3: Jun | EB3: Jul | EC3: Aug | ED3: Sep | EE3: Oct | EF3: Nov | EG3: Dec | EH3: Jan | EI3: Feb | EJ3: Mar | EK3: Apr | EL3: May | EM3: Jun | EN3: Jul | EO3: Aug | EP3: Sep | EQ3: Oct | ER3: Nov | ES3: Dec | ET3: Jan | EU3: Feb | EV3: Mar | EW3: Apr | EX3: May | EY3: Jun | EZ3: Jul | FA3: Aug | FB3: Sep | FC3: Oct | FD3: Nov | FE3: Dec | FF3: Jan | FG3: Feb | FH3: Mar | FI3: Apr | FJ3: May | FK3: Jun | FL3: Jul | FM3: Aug | FN3: Sep | FO3: Oct | FP3: Nov | FQ3: Dec | FR3: Jan | FS3: Feb | FT3: Mar | FU3: Apr | FV3: May | FW3: Jun | FX3: Jul | FY3: Aug | FZ3: Sep | GA3: Oct | GB3: Nov | GC3: Dec | GD3: Jan | GE3: Feb | GF3: Mar | GG3: Apr | GH3: May | GI3: Jun | GJ3: Jul | GK3: Aug | GL3: Sep | GM3: Oct | GN3: Nov | GO3: Dec | GP3: Jan | GQ3: Feb | GR3: Mar | GS3: Apr | GT3: May | GU3: Jun | GV3: Jul | GW3: Aug | GX3: Sep | GY3: Oct | GZ3: Nov | HA3: Dec | HB3: Jan | HC3: Feb | HD3: Mar | HE3: Apr | HF3: May | HG3: Jun | HH3: Jul | HI3: Aug | HJ3: Sep | HK3: Oct | HL3: Nov | HM3: Dec | HN3: Jan | HO3: Feb | HP3: Mar | HQ3: Apr | HR3: May | HS3: Jun | HT3: Jul | HU3: Aug | HV3: Sep | HW3: Oct | HX3: Nov | HY3: Dec | HZ3: Jan | IA3: Feb | IB3: Mar | IC3: Apr | ID3: May | IE3: Jun | IF3: Jul | IG3: Aug | IH3: Sep | II3: Oct | IJ3: Nov | IK3: Dec | IL3: Jan | IM3: Feb | IN3: Mar | IO3: Apr | IP3: May | IQ3: Jun | IR3: Jul | IS3: Aug | IT3: Sep | IU3: Oct | IV3: Nov | IW3: Dec | IX3: Jan | IY3: Feb | IZ3: Mar | JA3: Apr | JB3: May | JC3: Jun | JD3: Jul | JE3: Aug | JF3: Sep | JG3: Oct | JH3: Nov | JI3: Dec | JJ3: Jan | JK3: Feb | JL3: Mar | JM3: Apr | JN3: May | JO3: Jun | JP3: Jul | JQ3: Aug | JR3: Sep | JS3: Oct | JT3: Nov | JU3: Dec | JV3: Jan | JW3: Feb | JX3: Mar | JY3: Apr | JZ3: May | KA3: Jun | KB3: Jul | KC3: Aug | KD3: Sep
A4: BL | B4: CC/Key | C4: WCW | D4: WCW | E4: WCW | F4: WCW | G4: WCW | H4: WCW | I4: WCW | J4: WCW | K4: WCW | L4: WCW | M4: WCW | N4: WCW | O4: SAM | P4: SAM | Q4: SAM | R4: SAM | S4: SAM | T4: SAM | U4: SAM | V4: SAM | W4: SAM | X4: SAM | Y4: SAM | Z4: SAM | AA4: Win Acc | AB4: Win Acc | AC4: Win Acc | AD4: Win Acc | AE4: Win Acc | AF4: Win Acc | AG4: Win Acc | AH4: Win Acc | AI4: Win Acc | AJ4: Win Acc | AK4: Win Acc | AL4: Win Acc | AM4: 480056 Cycle | AN4: 480056 Cycle | AO4: 480056 Cycle | AP4: 480056 Cycle | AQ4: 480056 Cycle | AR4: 480056 Cycle | AS4: 480056 Cycle | AT4: 480056 Cycle | AU4: 480056 Cycle | AV4: 480056 Cycle | AW4: 480056 Cycle | AX4: 480056 Cycle | AY4: Headcount | AZ4: Headcount | BA4: Headcount | BB4: Headcount | BC4: Headcount | BD4: Headcount | BE4: Headcount | BF4: Headcount | BG4: Headcount | BH4: Headcount | BI4: Headcount | BJ4: Headcount | BK4: 480055 Cycle | BL4: 480055 Cycle | BM4: 480055 Cycle | BN4: 480055 Cycle | BO4: 480055 Cycle | BP4: 480055 Cycle | BQ4: 480055 Cycle | BR4: 480055 Cycle | BS4: 480055 Cycle | BT4: 480055 Cycle | BU4: 480055 Cycle | BV4: 480055 Cycle | BW4: IM | BX4: IM | BY4: IM | BZ4: IM | CA4: IM | CB4: IM | CC4: IM | CD4: IM | CE4: IM | CF4: IM | CG4: IM | CH4: IM | CI4: Pooling | CJ4: Pooling | CK4: Pooling | CL4: Pooling | CM4: Pooling | CN4: Pooling | CO4: Pooling | CP4: Pooling | CQ4: Pooling | CR4: Pooling | CS4: Pooling | CT4: Pooling | CU4: WCW | CV4: WCW | CW4: WCW | CX4: WCW | CY4: WCW | CZ4: WCW | DA4: WCW | DB4: WCW | DC4: WCW | DD4: WCW | DE4: WCW | DF4: WCW | DG4: SAM | DH4: SAM | DI4: SAM | DJ4: SAM | DK4: SAM | DL4: SAM | DM4: SAM | DN4: SAM | DO4: SAM | DP4: SAM | DQ4: SAM | DR4: SAM | DS4: Win Acc | DT4: Win Acc | DU4: Win Acc | DV4: Win Acc | DW4: Win Acc | DX4: Win Acc | DY4: Win Acc | DZ4: Win Acc | EA4: Win Acc | EB4: Win Acc | EC4: Win Acc | ED4: Win Acc | EE4: 480056 Cycle | EF4: 480056 Cycle | EG4: 480056 Cycle | EH4: 480056 Cycle | EI4: 480056 Cycle | EJ4: 480056 Cycle | EK4: 480056 Cycle | EL4: 480056 Cycle | EM4: 480056 Cycle | EN4: 480056 Cycle | EO4: 480056 Cycle | EP4: 480056 Cycle | EQ4: Headcount | ER4: Headcount | ES4: Headcount | ET4: Headcount | EU4: Headcount | EV4: Headcount | EW4: Headcount | EX4: Headcount | EY4: Headcount | EZ4: Headcount | FA4: Headcount | FB4: Headcount | FC4: 480055 Cycle | FD4: 480055 Cycle | FE4: 480055 Cycle | FF4: 480055 Cycle | FG4: 480055 Cycle | FH4: 480055 Cycle | FI4: 480055 Cycle | FJ4: 480055 Cycle | FK4: 480055 Cycle | FL4: 480055 Cycle | FM4: 480055 Cycle | FN4: 480055 Cycle | FO4: IM | FP4: IM | FQ4: IM | FR4: IM | FS4: IM | FT4: IM | FU4: IM | FV4: IM | FW4: IM | FX4: IM | FY4: IM | FZ4: IM | GA4: Pooling | GB4: Pooling | GC4: Pooling | GD4: Pooling | GE4: Pooling | GF4: Pooling | GG4: Pooling | GH4: Pooling | GI4: Pooling | GJ4: Pooling | GK4: Pooling | GL4: Pooling | GM4: WCW | GN4: WCW | GO4: WCW | GP4: WCW | GQ4: WCW | GR4: WCW | GS4: WCW | GT4: WCW | GU4: WCW | GV4: WCW | GW4: WCW | GX4: WCW | GY4: SAM | GZ4: SAM | HA4: SAM | HB4: SAM | HC4: SAM | HD4: SAM | HE4: SAM | HF4: SAM | HG4: SAM | HH4: SAM | HI4: SAM | HJ4: SAM | HK4: Win Acc | HL4: Win Acc | HM4: Win Acc | HN4: Win Acc | HO4: Win Acc | HP4: Win Acc | HQ4: Win Acc | HR4: Win Acc | HS4: Win Acc | HT4: Win Acc | HU4: Win Acc | HV4: Win Acc | HW4: 480056 Cycle | HX4: 480056 Cycle | HY4: 480056 Cycle | HZ4: 480056 Cycle | IA4: 480056 Cycle | IB4: 480056 Cycle | IC4: 480056 Cycle | ID4: 480056 Cycle | IE4: 480056 Cycle | IF4: 480056 Cycle | IG4: 480056 Cycle | IH4: 480056 Cycle | II4: Headcount | IJ4: Headcount | IK4: Headcount | IL4: Headcount | IM4: Headcount | IN4: Headcount | IO4: Headcount | IP4: Headcount | IQ4: Headcount | IR4: Headcount | IS4: Headcount | IT4: Headcount | IU4: 480055 Cycle | IV4: 480055 Cycle | IW4: 480055 Cycle | IX4: 480055 Cycle | IY4: 480055 Cycle | IZ4: 480055 Cycle | JA4: 480055 Cycle | JB4: 480055 Cycle | JC4: 480055 Cycle | JD4: 480055 Cycle | JE4: 480055 Cycle | JF4: 480055 Cycle | JG4: IM | JH4: IM | JI4: IM | JJ4: IM | JK4: IM | JL4: IM | JM4: IM | JN4: IM | JO4: IM | JP4: IM | JQ4: IM | JR4: IM | JS4: Pooling | JT4: Pooling | JU4: Pooling | JV4: Pooling | JW4: Pooling | JX4: Pooling | JY4: Pooling | JZ4: Pooling | KA4: Pooling | KB4: Pooling | KC4: Pooling | KD4: Pooling
A5: BL | B5: CC | C5: FY24-Actual-Oct-WCW | D5: FY24-Actual-Nov-WCW | E5: FY24-Actual-Dec-WCW | F5: FY24-Actual-Jan-WCW | G5: FY24-Actual-Feb-WCW | H5: FY24-Actual-Mar-WCW | I5: FY24-Actual-Apr-WCW | J5: FY24-Actual-May-WCW | K5: FY24-Actual-Jun-WCW | L5: FY24-Actual-Jul-WCW | M5: FY24-Actual-Aug-WCW | N5: FY24-Actual-Sep-WCW | O5: FY24-Actual-Oct-SAM | P5: FY24-Actual-Nov-SAM | Q5: FY24-Actual-Dec-SAM | R5: FY24-Actual-Jan-SAM | S5: FY24-Actual-Feb-SAM | T5: FY24-Actual-Mar-SAM | U5: FY24-Actual-Apr-SAM | V5: FY24-Actual-May-SAM | W5: FY24-Actual-Jun-SAM | X5: FY24-Actual-Jul-SAM | Y5: FY24-Actual-Aug-SAM | Z5: FY24-Actual-Sep-SAM | AA5: FY24-Actual-Oct-Win Acc | AB5: FY24-Actual-Nov-Win Acc | AC5: FY24-Actual-Dec-Win Acc | AD5: FY24-Actual-Jan-Win Acc | AE5: FY24-Actual-Feb-Win Acc | AF5: FY24-Actual-Mar-Win Acc | AG5: FY24-Actual-Apr-Win Acc | AH5: FY24-Actual-May-Win Acc | AI5: FY24-Actual-Jun-Win Acc | AJ5: FY24-Actual-Jul-Win Acc | AK5: FY24-Actual-Aug-Win Acc | AL5: FY24-Actual-Sep-Win Acc | AM5: FY24-Actual-Oct-480056 Cycle | AN5: FY24-Actual-Nov-480056 Cycle | AO5: FY24-Actual-Dec-480056 Cycle | AP5: FY24-Actual-Jan-480056 Cycle | AQ5: FY24-Actual-Feb-480056 Cycle | AR5: FY24-Actual-Mar-480056 Cycle | AS5: FY24-Actual-Apr-480056 Cycle | AT5: FY24-Actual-May-480056 Cycle | AU5: FY24-Actual-Jun-480056 Cycle | AV5: FY24-Actual-Jul-480056 Cycle | AW5: FY24-Actual-Aug-480056 Cycle | AX5: FY24-Actual-Sep-480056 Cycle | AY5: FY24-Actual-Oct-Headcount | AZ5: FY24-Actual-Nov-Headcount | BA5: FY24-Actual-Dec-Headcount | BB5: FY24-Actual-Jan-Headcount | BC5: FY24-Actual-Feb-Headcount | BD5: FY24-Actual-Mar-Headcount | BE5: FY24-Actual-Apr-Headcount | BF5: FY24-Actual-May-Headcount | BG5: FY24-Actual-Jun-Headcount | BH5: FY24-Actual-Jul-Headcount | BI5: FY24-Actual-Aug-Headcount | BJ5: FY24-Actual-Sep-Headcount | BK5: FY24-Actual-Oct-480055 Cycle | BL5: FY24-Actual-Nov-480055 Cycle | BM5: FY24-Actual-Dec-480055 Cycle | BN5: FY24-Actual-Jan-480055 Cycle | BO5: FY24-Actual-Feb-480055 Cycle | BP5: FY24-Actual-Mar-480055 Cycle | BQ5: FY24-Actual-Apr-480055 Cycle | BR5: FY24-Actual-May-480055 Cycle | BS5: FY24-Actual-Jun-480055 Cycle | BT5: FY24-Actual-Jul-480055 Cycle | BU5: FY24-Actual-Aug-480055 Cycle | BV5: FY24-Actual-Sep-480055 Cycle | BW5: FY24-Actual-Oct-IM | BX5: FY24-Actual-Nov-IM | BY5: FY24-Actual-Dec-IM | BZ5: FY24-Actual-Jan-IM | CA5: FY24-Actual-Feb-IM | CB5: FY24-Actual-Mar-IM | CC5: FY24-Actual-Apr-IM | CD5: FY24-Actual-May-IM | CE5: FY24-Actual-Jun-IM | CF5: FY24-Actual-Jul-IM | CG5: FY24-Actual-Aug-IM | CH5: FY24-Actual-Sep-IM | CI5: FY24-Actual-Oct-Pooling | CJ5: FY24-Actual-Nov-Pooling | CK5: FY24-Actual-Dec-Pooling | CL5: FY24-Actual-Jan-Pooling | CM5: FY24-Actual-Feb-Pooling | CN5: FY24-Actual-Mar-Pooling | CO5: FY24-Actual-Apr-Pooling | CP5: FY24-Actual-May-Pooling | CQ5: FY24-Actual-Jun-Pooling | CR5: FY24-Actual-Jul-Pooling | CS5: FY24-Actual-Aug-Pooling | CT5: FY24-Actual-Sep-Pooling | CU5: FY25-Actual-Oct-WCW | CV5: FY25-Actual-Nov-WCW | CW5: FY25-Actual-Dec-WCW | CX5: FY25-Actual-Jan-WCW | CY5: FY25-Actual-Feb-WCW | CZ5: FY25-Actual-Mar-WCW | DA5: FY25-Actual-Apr-WCW | DB5: FY25-Actual-May-WCW | DC5: FY25-Actual-Jun-WCW | DD5: FY25-Actual-Jul-WCW | DE5: FY25-Actual-Aug-WCW | DF5: FY25-Actual-Sep-WCW | DG5: FY25-Actual-Oct-SAM | DH5: FY25-Actual-Nov-SAM | DI5: FY25-Actual-Dec-SAM | DJ5: FY25-Actual-Jan-SAM | DK5: FY25-Actual-Feb-SAM | DL5: FY25-Actual-Mar-SAM | DM5: FY25-Actual-Apr-SAM | DN5: FY25-Actual-May-SAM | DO5: FY25-Actual-Jun-SAM | DP5: FY25-Actual-Jul-SAM | DQ5: FY25-Actual-Aug-SAM | DR5: FY25-Actual-Sep-SAM | DS5: FY25-Actual-Oct-Win Acc | DT5: FY25-Actual-Nov-Win Acc | DU5: FY25-Actual-Dec-Win Acc | DV5: FY25-Actual-Jan-Win Acc | DW5: FY25-Actual-Feb-Win Acc | DX5: FY25-Actual-Mar-Win Acc | DY5: FY25-Actual-Apr-Win Acc | DZ5: FY25-Actual-May-Win Acc | EA5: FY25-Actual-Jun-Win Acc | EB5: FY25-Actual-Jul-Win Acc | EC5: FY25-Actual-Aug-Win Acc | ED5: FY25-Actual-Sep-Win Acc | EE5: FY25-Actual-Oct-480056 Cycle | EF5: FY25-Actual-Nov-480056 Cycle | EG5: FY25-Actual-Dec-480056 Cycle | EH5: FY25-Actual-Jan-480056 Cycle | EI5: FY25-Actual-Feb-480056 Cycle | EJ5: FY25-Actual-Mar-480056 Cycle | EK5: FY25-Actual-Apr-480056 Cycle | EL5: FY25-Actual-May-480056 Cycle | EM5: FY25-Actual-Jun-480056 Cycle | EN5: FY25-Actual-Jul-480056 Cycle | EO5: FY25-Actual-Aug-480056 Cycle | EP5: FY25-Actual-Sep-480056 Cycle | EQ5: FY25-Actual-Oct-Headcount | ER5: FY25-Actual-Nov-Headcount | ES5: FY25-Actual-Dec-Headcount | ET5: FY25-Actual-Jan-Headcount | EU5: FY25-Actual-Feb-Headcount | EV5: FY25-Actual-Mar-Headcount | EW5: FY25-Actual-Apr-Headcount | EX5: FY25-Actual-May-Headcount | EY5: FY25-Actual-Jun-Headcount | EZ5: FY25-Actual-Jul-Headcount | FA5: FY25-Actual-Aug-Headcount | FB5: FY25-Actual-Sep-Headcount | FC5: FY25-Actual-Oct-480055 Cycle | FD5: FY25-Actual-Nov-480055 Cycle | FE5: FY25-Actual-Dec-480055 Cycle | FF5: FY25-Actual-Jan-480055 Cycle | FG5: FY25-Actual-Feb-480055 Cycle | FH5: FY25-Actual-Mar-480055 Cycle | FI5: FY25-Actual-Apr-480055 Cycle | FJ5: FY25-Actual-May-480055 Cycle | FK5: FY25-Actual-Jun-480055 Cycle | FL5: FY25-Actual-Jul-480055 Cycle | FM5: FY25-Actual-Aug-480055 Cycle | FN5: FY25-Actual-Sep-480055 Cycle | FO5: FY25-Actual-Oct-IM | FP5: FY25-Actual-Nov-IM | FQ5: FY25-Actual-Dec-IM | FR5: FY25-Actual-Jan-IM | FS5: FY25-Actual-Feb-IM | FT5: FY25-Actual-Mar-IM | FU5: FY25-Actual-Apr-IM | FV5: FY25-Actual-May-IM | FW5: FY25-Actual-Jun-IM | FX5: FY25-Actual-Jul-IM | FY5: FY25-Actual-Aug-IM | FZ5: FY25-Actual-Sep-IM | GA5: FY25-Actual-Oct-Pooling | GB5: FY25-Actual-Nov-Pooling | GC5: FY25-Actual-Dec-Pooling | GD5: FY25-Actual-Jan-Pooling | GE5: FY25-Actual-Feb-Pooling | GF5: FY25-Actual-Mar-Pooling | GG5: FY25-Actual-Apr-Pooling | GH5: FY25-Actual-May-Pooling | GI5: FY25-Actual-Jun-Pooling | GJ5: FY25-Actual-Jul-Pooling | GK5: FY25-Actual-Aug-Pooling | GL5: FY25-Actual-Sep-Pooling | GM5: FY26-Budget1-Oct-WCW | GN5: FY26-Budget1-Nov-WCW | GO5: FY26-Budget1-Dec-WCW | GP5: FY26-Budget1-Jan-WCW | GQ5: FY26-Budget1-Feb-WCW | GR5: FY26-Budget1-Mar-WCW | GS5: FY26-Budget1-Apr-WCW | GT5: FY26-Budget1-May-WCW | GU5: FY26-Budget1-Jun-WCW | GV5: FY26-Budget1-Jul-WCW | GW5: FY26-Budget1-Aug-WCW | GX5: FY26-Budget1-Sep-WCW | GY5: FY26-Budget1-Oct-SAM | GZ5: FY26-Budget1-Nov-SAM | HA5: FY26-Budget1-Dec-SAM | HB5: FY26-Budget1-Jan-SAM | HC5: FY26-Budget1-Feb-SAM | HD5: FY26-Budget1-Mar-SAM | HE5: FY26-Budget1-Apr-SAM | HF5: FY26-Budget1-May-SAM | HG5: FY26-Budget1-Jun-SAM | HH5: FY26-Budget1-Jul-SAM | HI5: FY26-Budget1-Aug-SAM | HJ5: FY26-Budget1-Sep-SAM | HK5: FY26-Budget1-Oct-Win Acc | HL5: FY26-Budget1-Nov-Win Acc | HM5: FY26-Budget1-Dec-Win Acc | HN5: FY26-Budget1-Jan-Win Acc | HO5: FY26-Budget1-Feb-Win Acc | HP5: FY26-Budget1-Mar-Win Acc | HQ5: FY26-Budget1-Apr-Win Acc | HR5: FY26-Budget1-May-Win Acc | HS5: FY26-Budget1-Jun-Win Acc | HT5: FY26-Budget1-Jul-Win Acc | HU5: FY26-Budget1-Aug-Win Acc | HV5: FY26-Budget1-Sep-Win Acc | HW5: FY26-Budget1-Oct-480056 Cycle | HX5: FY26-Budget1-Nov-480056 Cycle | HY5: FY26-Budget1-Dec-480056 Cycle | HZ5: FY26-Budget1-Jan-480056 Cycle | IA5: FY26-Budget1-Feb-480056 Cycle | IB5: FY26-Budget1-Mar-480056 Cycle | IC5: FY26-Budget1-Apr-480056 Cycle | ID5: FY26-Budget1-May-480056 Cycle | IE5: FY26-Budget1-Jun-480056 Cycle | IF5: FY26-Budget1-Jul-480056 Cycle | IG5: FY26-Budget1-Aug-480056 Cycle | IH5: FY26-Budget1-Sep-480056 Cycle | II5: FY26-Budget1-Oct-Headcount | IJ5: FY26-Budget1-Nov-Headcount | IK5: FY26-Budget1-Dec-Headcount | IL5: FY26-Budget1-Jan-Headcount | IM5: FY26-Budget1-Feb-Headcount | IN5: FY26-Budget1-Mar-Headcount | IO5: FY26-Budget1-Apr-Headcount | IP5: FY26-Budget1-May-Headcount | IQ5: FY26-Budget1-Jun-Headcount | IR5: FY26-Budget1-Jul-Headcount | IS5: FY26-Budget1-Aug-Headcount | IT5: FY26-Budget1-Sep-Headcount | IU5: FY26-Budget1-Oct-480055 Cycle | IV5: FY26-Budget1-Nov-480055 Cycle | IW5: FY26-Budget1-Dec-480055 Cycle | IX5: FY26-Budget1-Jan-480055 Cycle | IY5: FY26-Budget1-Feb-480055 Cycle | IZ5: FY26-Budget1-Mar-480055 Cycle | JA5: FY26-Budget1-Apr-480055 Cycle | JB5: FY26-Budget1-May-480055 Cycle | JC5: FY26-Budget1-Jun-480055 Cycle | JD5: FY26-Budget1-Jul-480055 Cycle | JE5: FY26-Budget1-Aug-480055 Cycle | JF5: FY26-Budget1-Sep-480055 Cycle | JG5: FY26-Budget1-Oct-IM | JH5: FY26-Budget1-Nov-IM | JI5: FY26-Budget1-Dec-IM | JJ5: FY26-Budget1-Jan-IM | JK5: FY26-Budget1-Feb-IM | JL5: FY26-Budget1-Mar-IM | JM5: FY26-Budget1-Apr-IM | JN5: FY26-Budget1-May-IM | JO5: FY26-Budget1-Jun-IM | JP5: FY26-Budget1-Jul-IM | JQ5: FY26-Budget1-Aug-IM | JR5: FY26-Budget1-Sep-IM | JS5: FY26-Budget1-Oct-Pooling | JT5: FY26-Budget1-Nov-Pooling | JU5: FY26-Budget1-Dec-Pooling | JV5: FY26-Budget1-Jan-Pooling | JW5: FY26-Budget1-Feb-Pooling | JX5: FY26-Budget1-Mar-Pooling | JY5: FY26-Budget1-Apr-Pooling | JZ5: FY26-Budget1-May-Pooling | KA5: FY26-Budget1-Jun-Pooling | KB5: FY26-Budget1-Jul-Pooling | KC5: FY26-Budget1-Aug-Pooling | KD5: FY26-Budget1-Sep-Pooling
A6: =VLOOKUP(B6,'CC Mapping'!$A:$B,2,0) -> CT | B6: 412011 | C6: 0.2056 | D6: =C6 -> 0.2056 | E6: =D6 -> 0.2056 | F6: =E6 -> 0.2056 | G6: =F6 -> 0.2056 | H6: =G6 -> 0.2056 | I6: =H6 -> 0.2056 | J6: =I6 -> 0.2056 | K6: =J6 -> 0.2056 | ... N6: =M6 -> 0.2056 | O6: 0.1981 | P6: =O6 -> 0.1981 | Q6: =P6 -> 0.1981 | R6: =Q6 -> 0.1981 | S6: =R6 -> 0.1981 | T6: =S6 -> 0.1981 | U6: =T6 -> 0.1981 | V6: =U6 -> 0.1981 | W6: =V6 -> 0.1981 | ... Z6: =Y6 -> 0.1981 | AA6: 0.1705 | AB6: =AA6 -> 0.1705 | AC6: =AB6 -> 0.1705 | AD6: =AC6 -> 0.1705 | AE6: =AD6 -> 0.1705 | AF6: =AE6 -> 0.1705 | AG6: =AF6 -> 0.1705 | AH6: =AG6 -> 0.1705 | AI6: =AH6 -> 0.1705 | ... AL6: =AK6 -> 0.1705 | AM6: 0.19642202 | AN6: =AM6 -> 0.19642202 | AO6: =AN6 -> 0.19642202 | AP6: =AO6 -> 0.19642202 | AQ6: =AP6 -> 0.19642202 | AR6: =AQ6 -> 0.19642202 | AS6: =AR6 -> 0.19642202 | AT6: =AS6 -> 0.19642202 | AU6: =AT6 -> 0.19642202 | ... AX6: =AW6 -> 0.19642202 | AY6: 0.1547 | AZ6: =AY6 -> 0.1547 | BA6: =AZ6 -> 0.1547 | BB6: =BA6 -> 0.1547 | BC6: =BB6 -> 0.1547 | BD6: =BC6 -> 0.1547 | BE6: =BD6 -> 0.1547 | BF6: =BE6 -> 0.1547 | BG6: =BF6 -> 0.1547 | ... BJ6: =BI6 -> 0.1547 | BK6: 0.1547 | BL6: =BK6 -> 0.1547 | BM6: =BL6 -> 0.1547 | BN6: =BM6 -> 0.1547 | BO6: =BN6 -> 0.1547 | BP6: =BO6 -> 0.1547 | BQ6: =BP6 -> 0.1547 | BR6: =BQ6 -> 0.1547 | BS6: =BR6 -> 0.1547 | ... BV6: =BU6 -> 0.1547 | BW6: 0 | BX6: =BW6 -> 0 | BY6: =BX6 -> 0 | BZ6: =BY6 -> 0 | CA6: =BZ6 -> 0 | CB6: =CA6 -> 0 | CC6: =CB6 -> 0 | CD6: =CC6 -> 0 | CE6: =CD6 -> 0 | ... CH6: =CG6 -> 0 | CI6: 0 | CJ6: =CI6 -> 0 | CK6: =CJ6 -> 0 | CL6: =CK6 -> 0 | CM6: =CL6 -> 0 | CN6: =CM6 -> 0 | CO6: =CN6 -> 0 | CP6: =CO6 -> 0 | CQ6: =CP6 -> 0 | ... CT6: =CS6 -> 0 | CU6: 0.2346 | CV6: =CU6 -> 0.2346 | CW6: =CV6 -> 0.2346 | CX6: =CW6 -> 0.2346 | CY6: =CX6 -> 0.2346 | CZ6: =CY6 -> 0.2346 | DA6: =CZ6 -> 0.2346 | DB6: =DA6 -> 0.2346 | DC6: =DB6 -> 0.2346 | ... DF6: =DE6 -> 0.2346 | DG6: 0.2009 | DH6: =DG6 -> 0.2009 | DI6: =DH6 -> 0.2009 | DJ6: =DI6 -> 0.2009 | DK6: =DJ6 -> 0.2009 | DL6: =DK6 -> 0.2009 | DM6: =DL6 -> 0.2009 | DN6: =DM6 -> 0.2009 | DO6: =DN6 -> 0.2009 | ... DR6: =DQ6 -> 0.2009 | DS6: 0.1732 | DT6: =DS6 -> 0.1732 | DU6: =DT6 -> 0.1732 | DV6: =DU6 -> 0.1732 | DW6: =DV6 -> 0.1732 | DX6: =DW6 -> 0.1732 | DY6: =DX6 -> 0.1732 | DZ6: =DY6 -> 0.1732 | EA6: =DZ6 -> 0.1732 | ... ED6: =EC6 -> 0.1732 | EE6: 0.21770842 | EF6: =EE6 -> 0.21770842 | EG6: =EF6 -> 0.21770842 | EH6: =EG6 -> 0.21770842 | EI6: =EH6 -> 0.21770842 | EJ6: =EI6 -> 0.21770842 | EK6: =EJ6 -> 0.21770842 | EL6: =EK6 -> 0.21770842 | EM6: =EL6 -> 0.21770842 | ... EP6: =EO6 -> 0.21770842 | EQ6: 0.169 | ER6: =EQ6 -> 0.169 | ES6: =ER6 -> 0.169 | ET6: =ES6 -> 0.169 | EU6: =ET6 -> 0.169 | EV6: =EU6 -> 0.169 | EW6: =EV6 -> 0.169 | EX6: =EW6 -> 0.169 | EY6: =EX6 -> 0.169 | ... FB6: =FA6 -> 0.169 | FC6: =EQ6 -> 0.169 | FD6: =FC6 -> 0.169 | FE6: =FD6 -> 0.169 | FF6: =FE6 -> 0.169 | FG6: =FF6 -> 0.169 | FH6: =FG6 -> 0.169 | FI6: =FH6 -> 0.169 | FJ6: =FI6 -> 0.169 | FK6: =FJ6 -> 0.169 | ... FN6: =FM6 -> 0.169 | FO6: 0 | FP6: =FO6 -> 0 | FQ6: =FP6 -> 0 | FR6: =FQ6 -> 0 | FS6: =FR6 -> 0 | FT6: =FS6 -> 0 | FU6: =FT6 -> 0 | FV6: =FU6 -> 0 | FW6: =FV6 -> 0 | ... FZ6: =FY6 -> 0 | GA6: 0 | GB6: =GA6 -> 0 | GC6: =GB6 -> 0 | GD6: =GC6 -> 0 | GE6: =GD6 -> 0 | GF6: =GE6 -> 0 | GG6: =GF6 -> 0 | GH6: =GG6 -> 0 | GI6: =GH6 -> 0 | ... GL6: =GK6 -> 0 | GM6: 0.229 | GN6: =GM6 -> 0.229 | GO6: =GN6 -> 0.229 | GP6: =GO6 -> 0.229 | GQ6: =GP6 -> 0.229 | GR6: =GQ6 -> 0.229 | GS6: =GR6 -> 0.229 | GT6: =GS6 -> 0.229 | GU6: =GT6 -> 0.229 | ... GX6: =GW6 -> 0.229 | GY6: 0.2297 | GZ6: =GY6 -> 0.2297 | HA6: =GZ6 -> 0.2297 | HB6: =HA6 -> 0.2297 | HC6: =HB6 -> 0.2297 | HD6: =HC6 -> 0.2297 | HE6: =HD6 -> 0.2297 | HF6: =HE6 -> 0.2297 | HG6: =HF6 -> 0.2297 | ... HJ6: =HI6 -> 0.2297 | HK6: 0.1751 | HL6: =HK6 -> 0.1751 | HM6: =HL6 -> 0.1751 | HN6: =HM6 -> 0.1751 | HO6: =HN6 -> 0.1751 | HP6: =HO6 -> 0.1751 | HQ6: =HP6 -> 0.1751 | HR6: =HQ6 -> 0.1751 | HS6: =HR6 -> 0.1751 | ... HV6: =HU6 -> 0.1751 | HW6: 0.22782218 | HX6: =HW6 -> 0.22782218 | HY6: =HX6 -> 0.22782218 | HZ6: =HY6 -> 0.22782218 | IA6: =HZ6 -> 0.22782218 | IB6: =IA6 -> 0.22782218 | IC6: =IB6 -> 0.22782218 | ID6: =IC6 -> 0.22782218 | IE6: =ID6 -> 0.22782218 | ... IH6: =IG6 -> 0.22782218 | II6: 0.166 | IJ6: =II6 -> 0.166 | IK6: =IJ6 -> 0.166 | IL6: =IK6 -> 0.166 | IM6: =IL6 -> 0.166 | IN6: =IM6 -> 0.166 | IO6: =IN6 -> 0.166 | IP6: =IO6 -> 0.166 | IQ6: =IP6 -> 0.166 | ... IT6: =IS6 -> 0.166 | IU6: =II6 -> 0.166 | IV6: =IU6 -> 0.166 | IW6: =IV6 -> 0.166 | IX6: =IW6 -> 0.166 | IY6: =IX6 -> 0.166 | IZ6: =IY6 -> 0.166 | JA6: =IZ6 -> 0.166 | JB6: =JA6 -> 0.166 | JC6: =JB6 -> 0.166 | ... JF6: =JE6 -> 0.166 | JG6: 0 | JH6: =JG6 -> 0 | JI6: =JH6 -> 0 | JJ6: =JI6 -> 0 | JK6: =JJ6 -> 0 | JL6: =JK6 -> 0 | JM6: =JL6 -> 0 | JN6: =JM6 -> 0 | JO6: =JN6 -> 0 | ... JR6: =JQ6 -> 0 | JS6: 0 | JT6: =JS6 -> 0 | JU6: =JT6 -> 0 | JV6: =JU6 -> 0 | JW6: =JV6 -> 0 | JX6: =JW6 -> 0 | JY6: =JX6 -> 0 | JZ6: =JY6 -> 0 | KA6: =JZ6 -> 0 | ... KD6: =KC6 -> 0
A7: =VLOOKUP(B7,'CC Mapping'!$A:$B,2,0) -> CT | B7: 412021 | C7: 0.0385 | D7: =C7 -> 0.0385 | E7: =D7 -> 0.0385 | F7: =E7 -> 0.0385 | G7: =F7 -> 0.0385 | H7: =G7 -> 0.0385 | I7: =H7 -> 0.0385 | J7: =I7 -> 0.0385 | K7: =J7 -> 0.0385 | ... N7: =M7 -> 0.0385 | O7: 0.0214 | P7: =O7 -> 0.0214 | Q7: =P7 -> 0.0214 | R7: =Q7 -> 0.0214 | S7: =R7 -> 0.0214 | T7: =S7 -> 0.0214 | U7: =T7 -> 0.0214 | V7: =U7 -> 0.0214 | W7: =V7 -> 0.0214 | ... Z7: =Y7 -> 0.0214 | AA7: 0.0263 | AB7: =AA7 -> 0.0263 | AC7: =AB7 -> 0.0263 | AD7: =AC7 -> 0.0263 | AE7: =AD7 -> 0.0263 | AF7: =AE7 -> 0.0263 | AG7: =AF7 -> 0.0263 | AH7: =AG7 -> 0.0263 | AI7: =AH7 -> 0.0263 | ... AL7: =AK7 -> 0.0263 | AM7: 0.030141197 | AN7: =AM7 -> 0.030141197 | AO7: =AN7 -> 0.030141197 | AP7: =AO7 -> 0.030141197 | AQ7: =AP7 -> 0.030141197 | AR7: =AQ7 -> 0.030141197 | AS7: =AR7 -> 0.030141197 | AT7: =AS7 -> 0.030141197 | AU7: =AT7 -> 0.030141197 | ... AX7: =AW7 -> 0.030141197 | AY7: 0.0292 | AZ7: =AY7 -> 0.0292 | BA7: =AZ7 -> 0.0292 | BB7: =BA7 -> 0.0292 | BC7: =BB7 -> 0.0292 | BD7: =BC7 -> 0.0292 | BE7: =BD7 -> 0.0292 | BF7: =BE7 -> 0.0292 | BG7: =BF7 -> 0.0292 | ... BJ7: =BI7 -> 0.0292 | BK7: 0.0292 | BL7: =BK7 -> 0.0292 | BM7: =BL7 -> 0.0292 | BN7: =BM7 -> 0.0292 | BO7: =BN7 -> 0.0292 | BP7: =BO7 -> 0.0292 | BQ7: =BP7 -> 0.0292 | BR7: =BQ7 -> 0.0292 | BS7: =BR7 -> 0.0292 | ... BV7: =BU7 -> 0.0292 | BW7: 0 | BX7: =BW7 -> 0 | BY7: =BX7 -> 0 | BZ7: =BY7 -> 0 | CA7: =BZ7 -> 0 | CB7: =CA7 -> 0 | CC7: =CB7 -> 0 | CD7: =CC7 -> 0 | CE7: =CD7 -> 0 | ... CH7: =CG7 -> 0 | CI7: 0 | CJ7: =CI7 -> 0 | CK7: =CJ7 -> 0 | CL7: =CK7 -> 0 | CM7: =CL7 -> 0 | CN7: =CM7 -> 0 | CO7: =CN7 -> 0 | CP7: =CO7 -> 0 | CQ7: =CP7 -> 0 | ... CT7: =CS7 -> 0 | CU7: 0.036 | CV7: =CU7 -> 0.036 | CW7: =CV7 -> 0.036 | CX7: =CW7 -> 0.036 | CY7: =CX7 -> 0.036 | CZ7: =CY7 -> 0.036 | DA7: =CZ7 -> 0.036 | DB7: =DA7 -> 0.036 | DC7: =DB7 -> 0.036 | ... DF7: =DE7 -> 0.036 | DG7: 0.0218 | DH7: =DG7 -> 0.0218 | DI7: =DH7 -> 0.0218 | DJ7: =DI7 -> 0.0218 | DK7: =DJ7 -> 0.0218 | DL7: =DK7 -> 0.0218 | DM7: =DL7 -> 0.0218 | DN7: =DM7 -> 0.0218 | DO7: =DN7 -> 0.0218 | ... DR7: =DQ7 -> 0.0218 | DS7: 0.0286 | DT7: =DS7 -> 0.0286 | DU7: =DT7 -> 0.0286 | DV7: =DU7 -> 0.0286 | DW7: =DV7 -> 0.0286 | DX7: =DW7 -> 0.0286 | DY7: =DX7 -> 0.0286 | DZ7: =DY7 -> 0.0286 | EA7: =DZ7 -> 0.0286 | ... ED7: =EC7 -> 0.0286 | EE7: 0.029396193 | EF7: =EE7 -> 0.029396193 | EG7: =EF7 -> 0.029396193 | EH7: =EG7 -> 0.029396193 | EI7: =EH7 -> 0.029396193 | EJ7: =EI7 -> 0.029396193 | EK7: =EJ7 -> 0.029396193 | EL7: =EK7 -> 0.029396193 | EM7: =EL7 -> 0.029396193 | ... EP7: =EO7 -> 0.029396193 | EQ7: 0.0316 | ER7: =EQ7 -> 0.0316 | ES7: =ER7 -> 0.0316 | ET7: =ES7 -> 0.0316 | EU7: =ET7 -> 0.0316 | EV7: =EU7 -> 0.0316 | EW7: =EV7 -> 0.0316 | EX7: =EW7 -> 0.0316 | EY7: =EX7 -> 0.0316 | ... FB7: =FA7 -> 0.0316 | FC7: =EQ7 -> 0.0316 | FD7: =FC7 -> 0.0316 | FE7: =FD7 -> 0.0316 | FF7: =FE7 -> 0.0316 | FG7: =FF7 -> 0.0316 | FH7: =FG7 -> 0.0316 | FI7: =FH7 -> 0.0316 | FJ7: =FI7 -> 0.0316 | FK7: =FJ7 -> 0.0316 | ... FN7: =FM7 -> 0.0316 | FO7: 0 | FP7: =FO7 -> 0 | FQ7: =FP7 -> 0 | FR7: =FQ7 -> 0 | FS7: =FR7 -> 0 | FT7: =FS7 -> 0 | FU7: =FT7 -> 0 | FV7: =FU7 -> 0 | FW7: =FV7 -> 0 | ... FZ7: =FY7 -> 0 | GA7: 0 | GB7: =GA7 -> 0 | GC7: =GB7 -> 0 | GD7: =GC7 -> 0 | GE7: =GD7 -> 0 | GF7: =GE7 -> 0 | GG7: =GF7 -> 0 | GH7: =GG7 -> 0 | GI7: =GH7 -> 0 | ... GL7: =GK7 -> 0 | GM7: 0.030176 | GN7: =GM7 -> 0.030176 | GO7: =GN7 -> 0.030176 | GP7: =GO7 -> 0.030176 | GQ7: =GP7 -> 0.030176 | GR7: =GQ7 -> 0.030176 | GS7: =GR7 -> 0.030176 | GT7: =GS7 -> 0.030176 | GU7: =GT7 -> 0.030176 | ... GX7: =GW7 -> 0.030176 | GY7: 0.018368 | GZ7: =GY7 -> 0.018368 | HA7: =GZ7 -> 0.018368 | HB7: =HA7 -> 0.018368 | HC7: =HB7 -> 0.018368 | HD7: =HC7 -> 0.018368 | HE7: =HD7 -> 0.018368 | HF7: =HE7 -> 0.018368 | HG7: =HF7 -> 0.018368 | ... HJ7: =HI7 -> 0.018368 | HK7: 0.0268 | HL7: =HK7 -> 0.0268 | HM7: =HL7 -> 0.0268 | HN7: =HM7 -> 0.0268 | HO7: =HN7 -> 0.0268 | HP7: =HO7 -> 0.0268 | HQ7: =HP7 -> 0.0268 | HR7: =HQ7 -> 0.0268 | HS7: =HR7 -> 0.0268 | ... HV7: =HU7 -> 0.0268 | HW7: 0.02433767 | HX7: =HW7 -> 0.02433767 | HY7: =HX7 -> 0.02433767 | HZ7: =HY7 -> 0.02433767 | IA7: =HZ7 -> 0.02433767 | IB7: =IA7 -> 0.02433767 | IC7: =IB7 -> 0.02433767 | ID7: =IC7 -> 0.02433767 | IE7: =ID7 -> 0.02433767 | ... IH7: =IG7 -> 0.02433767 | II7: 0.025 | IJ7: =II7 -> 0.025 | IK7: =IJ7 -> 0.025 | IL7: =IK7 -> 0.025 | IM7: =IL7 -> 0.025 | IN7: =IM7 -> 0.025 | IO7: =IN7 -> 0.025 | IP7: =IO7 -> 0.025 | IQ7: =IP7 -> 0.025 | ... IT7: =IS7 -> 0.025 | IU7: =II7 -> 0.025 | IV7: =IU7 -> 0.025 | IW7: =IV7 -> 0.025 | IX7: =IW7 -> 0.025 | IY7: =IX7 -> 0.025 | IZ7: =IY7 -> 0.025 | JA7: =IZ7 -> 0.025 | JB7: =JA7 -> 0.025 | JC7: =JB7 -> 0.025 | ... JF7: =JE7 -> 0.025 | JG7: 0 | JH7: =JG7 -> 0 | JI7: =JH7 -> 0 | JJ7: =JI7 -> 0 | JK7: =JJ7 -> 0 | JL7: =JK7 -> 0 | JM7: =JL7 -> 0 | JN7: =JM7 -> 0 | JO7: =JN7 -> 0 | ... JR7: =JQ7 -> 0 | JS7: 0 | JT7: =JS7 -> 0 | JU7: =JT7 -> 0 | JV7: =JU7 -> 0 | JW7: =JV7 -> 0 | JX7: =JW7 -> 0 | JY7: =JX7 -> 0 | JZ7: =JY7 -> 0 | KA7: =JZ7 -> 0 | ... KD7: =KC7 -> 0
A8: =VLOOKUP(B8,'CC Mapping'!$A:$B,2,0) -> XP | B8: 413021 | C8: 0.0862 | D8: =C8 -> 0.0862 | E8: =D8 -> 0.0862 | F8: =E8 -> 0.0862 | G8: =F8 -> 0.0862 | H8: =G8 -> 0.0862 | I8: =H8 -> 0.0862 | J8: =I8 -> 0.0862 | K8: =J8 -> 0.0862 | ... N8: =M8 -> 0.0862 | O8: 0.0779 | P8: =O8 -> 0.0779 | Q8: =P8 -> 0.0779 | R8: =Q8 -> 0.0779 | S8: =R8 -> 0.0779 | T8: =S8 -> 0.0779 | U8: =T8 -> 0.0779 | V8: =U8 -> 0.0779 | W8: =V8 -> 0.0779 | ... Z8: =Y8 -> 0.0779 | AA8: 0.073 | AB8: =AA8 -> 0.073 | AC8: =AB8 -> 0.073 | AD8: =AC8 -> 0.073 | AE8: =AD8 -> 0.073 | AF8: =AE8 -> 0.073 | AG8: =AF8 -> 0.073 | AH8: =AG8 -> 0.073 | AI8: =AH8 -> 0.073 | ... AL8: =AK8 -> 0.073 | AM8: 0.08184764 | AN8: =AM8 -> 0.08184764 | AO8: =AN8 -> 0.08184764 | AP8: =AO8 -> 0.08184764 | AQ8: =AP8 -> 0.08184764 | AR8: =AQ8 -> 0.08184764 | AS8: =AR8 -> 0.08184764 | AT8: =AS8 -> 0.08184764 | AU8: =AT8 -> 0.08184764 | ... AX8: =AW8 -> 0.08184764 | AY8: 0.0682 | AZ8: =AY8 -> 0.0682 | BA8: =AZ8 -> 0.0682 | BB8: =BA8 -> 0.0682 | BC8: =BB8 -> 0.0682 | BD8: =BC8 -> 0.0682 | BE8: =BD8 -> 0.0682 | BF8: =BE8 -> 0.0682 | BG8: =BF8 -> 0.0682 | ... BJ8: =BI8 -> 0.0682 | BK8: 0.0682 | BL8: =BK8 -> 0.0682 | BM8: =BL8 -> 0.0682 | BN8: =BM8 -> 0.0682 | BO8: =BN8 -> 0.0682 | BP8: =BO8 -> 0.0682 | BQ8: =BP8 -> 0.0682 | BR8: =BQ8 -> 0.0682 | BS8: =BR8 -> 0.0682 | ... BV8: =BU8 -> 0.0682 | BW8: 0 | BX8: =BW8 -> 0 | BY8: =BX8 -> 0 | BZ8: =BY8 -> 0 | CA8: =BZ8 -> 0 | CB8: =CA8 -> 0 | CC8: =CB8 -> 0 | CD8: =CC8 -> 0 | CE8: =CD8 -> 0 | ... CH8: =CG8 -> 0 | CI8: 0 | CJ8: =CI8 -> 0 | CK8: =CJ8 -> 0 | CL8: =CK8 -> 0 | CM8: =CL8 -> 0 | CN8: =CM8 -> 0 | CO8: =CN8 -> 0 | CP8: =CO8 -> 0 | CQ8: =CP8 -> 0 | ... CT8: =CS8 -> 0 | CU8: 0.1044 | CV8: =CU8 -> 0.1044 | CW8: =CV8 -> 0.1044 | CX8: =CW8 -> 0.1044 | CY8: =CX8 -> 0.1044 | CZ8: =CY8 -> 0.1044 | DA8: =CZ8 -> 0.1044 | DB8: =DA8 -> 0.1044 | DC8: =DB8 -> 0.1044 | ... DF8: =DE8 -> 0.1044 | DG8: 0.0796 | DH8: =DG8 -> 0.0796 | DI8: =DH8 -> 0.0796 | DJ8: =DI8 -> 0.0796 | DK8: =DJ8 -> 0.0796 | DL8: =DK8 -> 0.0796 | DM8: =DL8 -> 0.0796 | DN8: =DM8 -> 0.0796 | DO8: =DN8 -> 0.0796 | ... DR8: =DQ8 -> 0.0796 | DS8: 0.0943 | DT8: =DS8 -> 0.0943 | DU8: =DT8 -> 0.0943 | DV8: =DU8 -> 0.0943 | DW8: =DV8 -> 0.0943 | DX8: =DW8 -> 0.0943 | DY8: =DX8 -> 0.0943 | DZ8: =DY8 -> 0.0943 | EA8: =DZ8 -> 0.0943 | ... ED8: =EC8 -> 0.0943 | EE8: 0.092945126 | EF8: =EE8 -> 0.092945126 | EG8: =EF8 -> 0.092945126 | EH8: =EG8 -> 0.092945126 | EI8: =EH8 -> 0.092945126 | EJ8: =EI8 -> 0.092945126 | EK8: =EJ8 -> 0.092945126 | EL8: =EK8 -> 0.092945126 | EM8: =EL8 -> 0.092945126 | ... EP8: =EO8 -> 0.092945126 | EQ8: 0.0731 | ER8: =EQ8 -> 0.0731 | ES8: =ER8 -> 0.0731 | ET8: =ES8 -> 0.0731 | EU8: =ET8 -> 0.0731 | EV8: =EU8 -> 0.0731 | EW8: =EV8 -> 0.0731 | EX8: =EW8 -> 0.0731 | EY8: =EX8 -> 0.0731 | ... FB8: =FA8 -> 0.0731 | FC8: =EQ8 -> 0.0731 | FD8: =FC8 -> 0.0731 | FE8: =FD8 -> 0.0731 | FF8: =FE8 -> 0.0731 | FG8: =FF8 -> 0.0731 | FH8: =FG8 -> 0.0731 | FI8: =FH8 -> 0.0731 | FJ8: =FI8 -> 0.0731 | FK8: =FJ8 -> 0.0731 | ... FN8: =FM8 -> 0.0731 | FO8: 0 | FP8: =FO8 -> 0 | FQ8: =FP8 -> 0 | FR8: =FQ8 -> 0 | FS8: =FR8 -> 0 | FT8: =FS8 -> 0 | FU8: =FT8 -> 0 | FV8: =FU8 -> 0 | FW8: =FV8 -> 0 | ... FZ8: =FY8 -> 0 | GA8: 0 | GB8: =GA8 -> 0 | GC8: =GB8 -> 0 | GD8: =GC8 -> 0 | GE8: =GD8 -> 0 | GF8: =GE8 -> 0 | GG8: =GF8 -> 0 | GH8: =GG8 -> 0 | GI8: =GH8 -> 0 | ... GL8: =GK8 -> 0 | GM8: 0.1013 | GN8: =GM8 -> 0.1013 | GO8: =GN8 -> 0.1013 | GP8: =GO8 -> 0.1013 | GQ8: =GP8 -> 0.1013 | GR8: =GQ8 -> 0.1013 | GS8: =GR8 -> 0.1013 | GT8: =GS8 -> 0.1013 | GU8: =GT8 -> 0.1013 | ... GX8: =GW8 -> 0.1013 | GY8: 0.0748 | GZ8: =GY8 -> 0.0748 | HA8: =GZ8 -> 0.0748 | HB8: =HA8 -> 0.0748 | HC8: =HB8 -> 0.0748 | HD8: =HC8 -> 0.0748 | HE8: =HD8 -> 0.0748 | HF8: =HE8 -> 0.0748 | HG8: =HF8 -> 0.0748 | ... HJ8: =HI8 -> 0.0748 | HK8: 0.0926 | HL8: =HK8 -> 0.0926 | HM8: =HL8 -> 0.0926 | HN8: =HM8 -> 0.0926 | HO8: =HN8 -> 0.0926 | HP8: =HO8 -> 0.0926 | HQ8: =HP8 -> 0.0926 | HR8: =HQ8 -> 0.0926 | HS8: =HR8 -> 0.0926 | ... HV8: =HU8 -> 0.0926 | HW8: 0.088165734 | HX8: =HW8 -> 0.088165734 | HY8: =HX8 -> 0.088165734 | HZ8: =HY8 -> 0.088165734 | IA8: =HZ8 -> 0.088165734 | IB8: =IA8 -> 0.088165734 | IC8: =IB8 -> 0.088165734 | ID8: =IC8 -> 0.088165734 | IE8: =ID8 -> 0.088165734 | ... IH8: =IG8 -> 0.088165734 | II8: 0.071 | IJ8: =II8 -> 0.071 | IK8: =IJ8 -> 0.071 | IL8: =IK8 -> 0.071 | IM8: =IL8 -> 0.071 | IN8: =IM8 -> 0.071 | IO8: =IN8 -> 0.071 | IP8: =IO8 -> 0.071 | IQ8: =IP8 -> 0.071 | ... IT8: =IS8 -> 0.071 | IU8: =II8 -> 0.071 | IV8: =IU8 -> 0.071 | IW8: =IV8 -> 0.071 | IX8: =IW8 -> 0.071 | IY8: =IX8 -> 0.071 | IZ8: =IY8 -> 0.071 | JA8: =IZ8 -> 0.071 | JB8: =JA8 -> 0.071 | JC8: =JB8 -> 0.071 | ... JF8: =JE8 -> 0.071 | JG8: 0 | JH8: =JG8 -> 0 | JI8: =JH8 -> 0 | JJ8: =JI8 -> 0 | JK8: =JJ8 -> 0 | JL8: =JK8 -> 0 | JM8: =JL8 -> 0 | JN8: =JM8 -> 0 | JO8: =JN8 -> 0 | ... JR8: =JQ8 -> 0 | JS8: 0 | JT8: =JS8 -> 0 | JU8: =JT8 -> 0 | JV8: =JU8 -> 0 | JW8: =JV8 -> 0 | JX8: =JW8 -> 0 | JY8: =JX8 -> 0 | JZ8: =JY8 -> 0 | KA8: =JZ8 -> 0 | ... KD8: =KC8 -> 0
A9: =VLOOKUP(B9,'CC Mapping'!$A:$B,2,0) -> MP | B9: 415005 | C9: 0.0203 | D9: =C9 -> 0.0203 | E9: =D9 -> 0.0203 | F9: =E9 -> 0.0203 | G9: =F9 -> 0.0203 | H9: =G9 -> 0.0203 | I9: =H9 -> 0.0203 | J9: =I9 -> 0.0203 | K9: =J9 -> 0.0203 | ... N9: =M9 -> 0.0203 | O9: 0.0154 | P9: =O9 -> 0.0154 | Q9: =P9 -> 0.0154 | R9: =Q9 -> 0.0154 | S9: =R9 -> 0.0154 | T9: =S9 -> 0.0154 | U9: =T9 -> 0.0154 | V9: =U9 -> 0.0154 | W9: =V9 -> 0.0154 | ... Z9: =Y9 -> 0.0154 | AA9: 0.0197 | AB9: =AA9 -> 0.0197 | AC9: =AB9 -> 0.0197 | AD9: =AC9 -> 0.0197 | AE9: =AD9 -> 0.0197 | AF9: =AE9 -> 0.0197 | AG9: =AF9 -> 0.0197 | AH9: =AG9 -> 0.0197 | AI9: =AH9 -> 0.0197 | ... AL9: =AK9 -> 0.0197 | AM9: 0.018453302 | AN9: =AM9 -> 0.018453302 | AO9: =AN9 -> 0.018453302 | AP9: =AO9 -> 0.018453302 | AQ9: =AP9 -> 0.018453302 | AR9: =AQ9 -> 0.018453302 | AS9: =AR9 -> 0.018453302 | AT9: =AS9 -> 0.018453302 | AU9: =AT9 -> 0.018453302 | ... AX9: =AW9 -> 0.018453302 | AY9: 0.0157 | AZ9: =AY9 -> 0.0157 | BA9: =AZ9 -> 0.0157 | BB9: =BA9 -> 0.0157 | BC9: =BB9 -> 0.0157 | BD9: =BC9 -> 0.0157 | BE9: =BD9 -> 0.0157 | BF9: =BE9 -> 0.0157 | BG9: =BF9 -> 0.0157 | ... BJ9: =BI9 -> 0.0157 | BK9: 0.0157 | BL9: =BK9 -> 0.0157 | BM9: =BL9 -> 0.0157 | BN9: =BM9 -> 0.0157 | BO9: =BN9 -> 0.0157 | BP9: =BO9 -> 0.0157 | BQ9: =BP9 -> 0.0157 | BR9: =BQ9 -> 0.0157 | BS9: =BR9 -> 0.0157 | ... BV9: =BU9 -> 0.0157 | BW9: 0 | BX9: =BW9 -> 0 | BY9: =BX9 -> 0 | BZ9: =BY9 -> 0 | CA9: =BZ9 -> 0 | CB9: =CA9 -> 0 | CC9: =CB9 -> 0 | CD9: =CC9 -> 0 | CE9: =CD9 -> 0 | ... CH9: =CG9 -> 0 | CI9: 0 | CJ9: =CI9 -> 0 | CK9: =CJ9 -> 0 | CL9: =CK9 -> 0 | CM9: =CL9 -> 0 | CN9: =CM9 -> 0 | CO9: =CN9 -> 0 | CP9: =CO9 -> 0 | CQ9: =CP9 -> 0 | ... CT9: =CS9 -> 0 | CU9: 0.0081 | CV9: =CU9 -> 0.0081 | CW9: =CV9 -> 0.0081 | CX9: =CW9 -> 0.0081 | CY9: =CX9 -> 0.0081 | CZ9: =CY9 -> 0.0081 | DA9: =CZ9 -> 0.0081 | DB9: =DA9 -> 0.0081 | DC9: =DB9 -> 0.0081 | ... DF9: =DE9 -> 0.0081 | DG9: 0.0164 | DH9: =DG9 -> 0.0164 | DI9: =DH9 -> 0.0164 | DJ9: =DI9 -> 0.0164 | DK9: =DJ9 -> 0.0164 | DL9: =DK9 -> 0.0164 | DM9: =DL9 -> 0.0164 | DN9: =DM9 -> 0.0164 | DO9: =DN9 -> 0.0164 | ... DR9: =DQ9 -> 0.0164 | DS9: 0.0306 | DT9: =DS9 -> 0.0306 | DU9: =DT9 -> 0.0306 | DV9: =DU9 -> 0.0306 | DW9: =DV9 -> 0.0306 | DX9: =DW9 -> 0.0306 | DY9: =DX9 -> 0.0306 | DZ9: =DY9 -> 0.0306 | EA9: =DZ9 -> 0.0306 | ... ED9: =EC9 -> 0.0306 | EE9: 0.01246542 | EF9: =EE9 -> 0.01246542 | EG9: =EF9 -> 0.01246542 | EH9: =EG9 -> 0.01246542 | EI9: =EH9 -> 0.01246542 | EJ9: =EI9 -> 0.01246542 | EK9: =EJ9 -> 0.01246542 | EL9: =EK9 -> 0.01246542 | EM9: =EL9 -> 0.01246542 | ... EP9: =EO9 -> 0.01246542 | EQ9: 0.0274 | ER9: =EQ9 -> 0.0274 | ES9: =ER9 -> 0.0274 | ET9: =ES9 -> 0.0274 | EU9: =ET9 -> 0.0274 | EV9: =EU9 -> 0.0274 | EW9: =EV9 -> 0.0274 | EX9: =EW9 -> 0.0274 | EY9: =EX9 -> 0.0274 | ... FB9: =FA9 -> 0.0274 | FC9: =EQ9 -> 0.0274 | FD9: =FC9 -> 0.0274 | FE9: =FD9 -> 0.0274 | FF9: =FE9 -> 0.0274 | FG9: =FF9 -> 0.0274 | FH9: =FG9 -> 0.0274 | FI9: =FH9 -> 0.0274 | FJ9: =FI9 -> 0.0274 | FK9: =FJ9 -> 0.0274 | ... FN9: =FM9 -> 0.0274 | FO9: 0 | FP9: =FO9 -> 0 | FQ9: =FP9 -> 0 | FR9: =FQ9 -> 0 | FS9: =FR9 -> 0 | FT9: =FS9 -> 0 | FU9: =FT9 -> 0 | FV9: =FU9 -> 0 | FW9: =FV9 -> 0 | ... FZ9: =FY9 -> 0 | GA9: 0 | GB9: =GA9 -> 0 | GC9: =GB9 -> 0 | GD9: =GC9 -> 0 | GE9: =GD9 -> 0 | GF9: =GE9 -> 0 | GG9: =GF9 -> 0 | GH9: =GG9 -> 0 | GI9: =GH9 -> 0 | ... GL9: =GK9 -> 0 | GM9: 0.015 | GN9: =GM9 -> 0.015 | GO9: =GN9 -> 0.015 | GP9: =GO9 -> 0.015 | GQ9: =GP9 -> 0.015 | GR9: =GQ9 -> 0.015 | GS9: =GR9 -> 0.015 | GT9: =GS9 -> 0.015 | GU9: =GT9 -> 0.015 | ... GX9: =GW9 -> 0.015 | GY9: 0.0244 | GZ9: =GY9 -> 0.0244 | HA9: =GZ9 -> 0.0244 | HB9: =HA9 -> 0.0244 | HC9: =HB9 -> 0.0244 | HD9: =HC9 -> 0.0244 | HE9: =HD9 -> 0.0244 | HF9: =HE9 -> 0.0244 | HG9: =HF9 -> 0.0244 | ... HJ9: =HI9 -> 0.0244 | HK9: 0.0318 | HL9: =HK9 -> 0.0318 | HM9: =HL9 -> 0.0318 | HN9: =HM9 -> 0.0318 | HO9: =HN9 -> 0.0318 | HP9: =HO9 -> 0.0318 | HQ9: =HP9 -> 0.0318 | HR9: =HQ9 -> 0.0318 | HS9: =HR9 -> 0.0318 | ... HV9: =HU9 -> 0.0318 | HW9: 0.020045252 | HX9: =HW9 -> 0.020045252 | HY9: =HX9 -> 0.020045252 | HZ9: =HY9 -> 0.020045252 | IA9: =HZ9 -> 0.020045252 | IB9: =IA9 -> 0.020045252 | IC9: =IB9 -> 0.020045252 | ID9: =IC9 -> 0.020045252 | IE9: =ID9 -> 0.020045252 | ... IH9: =IG9 -> 0.020045252 | II9: 0.028 | IJ9: =II9 -> 0.028 | IK9: =IJ9 -> 0.028 | IL9: =IK9 -> 0.028 | IM9: =IL9 -> 0.028 | IN9: =IM9 -> 0.028 | IO9: =IN9 -> 0.028 | IP9: =IO9 -> 0.028 | IQ9: =IP9 -> 0.028 | ... IT9: =IS9 -> 0.028 | IU9: =II9 -> 0.028 | IV9: =IU9 -> 0.028 | IW9: =IV9 -> 0.028 | IX9: =IW9 -> 0.028 | IY9: =IX9 -> 0.028 | IZ9: =IY9 -> 0.028 | JA9: =IZ9 -> 0.028 | JB9: =JA9 -> 0.028 | JC9: =JB9 -> 0.028 | ... JF9: =JE9 -> 0.028 | JG9: 0 | JH9: =JG9 -> 0 | JI9: =JH9 -> 0 | JJ9: =JI9 -> 0 | JK9: =JJ9 -> 0 | JL9: =JK9 -> 0 | JM9: =JL9 -> 0 | JN9: =JM9 -> 0 | JO9: =JN9 -> 0 | ... JR9: =JQ9 -> 0 | JS9: 0 | JT9: =JS9 -> 0 | JU9: =JT9 -> 0 | JV9: =JU9 -> 0 | JW9: =JV9 -> 0 | JX9: =JW9 -> 0 | JY9: =JX9 -> 0 | JZ9: =JY9 -> 0 | KA9: =JZ9 -> 0 | ... KD9: =KC9 -> 0
A10: =VLOOKUP(B10,'CC Mapping'!$A:$B,2,0) -> MP | B10: 415018 | C10: 0.0101 | D10: =C10 -> 0.0101 | E10: =D10 -> 0.0101 | F10: =E10 -> 0.0101 | G10: =F10 -> 0.0101 | H10: =G10 -> 0.0101 | I10: =H10 -> 0.0101 | J10: =I10 -> 0.0101 | K10: =J10 -> 0.0101 | ... N10: =M10 -> 0.0101 | O10: 0.0094 | P10: =O10 -> 0.0094 | Q10: =P10 -> 0.0094 | R10: =Q10 -> 0.0094 | S10: =R10 -> 0.0094 | T10: =S10 -> 0.0094 | U10: =T10 -> 0.0094 | V10: =U10 -> 0.0094 | W10: =V10 -> 0.0094 | ... Z10: =Y10 -> 0.0094 | AA10: 0.0158 | AB10: =AA10 -> 0.0158 | AC10: =AB10 -> 0.0158 | AD10: =AC10 -> 0.0158 | AE10: =AD10 -> 0.0158 | AF10: =AE10 -> 0.0158 | AG10: =AF10 -> 0.0158 | AH10: =AG10 -> 0.0158 | AI10: =AH10 -> 0.0158 | ... AL10: =AK10 -> 0.0158 | AM10: 0.0099768858 | AN10: =AM10 -> 0.0099768858 | AO10: =AN10 -> 0.0099768858 | AP10: =AO10 -> 0.0099768858 | AQ10: =AP10 -> 0.0099768858 | AR10: =AQ10 -> 0.0099768858 | AS10: =AR10 -> 0.0099768858 | AT10: =AS10 -> 0.0099768858 | AU10: =AT10 -> 0.0099768858 | ... AX10: =AW10 -> 0.0099768858 | AY10: 0.0075 | AZ10: =AY10 -> 0.0075 | BA10: =AZ10 -> 0.0075 | BB10: =BA10 -> 0.0075 | BC10: =BB10 -> 0.0075 | BD10: =BC10 -> 0.0075 | BE10: =BD10 -> 0.0075 | BF10: =BE10 -> 0.0075 | BG10: =BF10 -> 0.0075 | ... BJ10: =BI10 -> 0.0075 | BK10: 0.0075 | BL10: =BK10 -> 0.0075 | BM10: =BL10 -> 0.0075 | BN10: =BM10 -> 0.0075 | BO10: =BN10 -> 0.0075 | BP10: =BO10 -> 0.0075 | BQ10: =BP10 -> 0.0075 | BR10: =BQ10 -> 0.0075 | BS10: =BR10 -> 0.0075 | ... BV10: =BU10 -> 0.0075 | BW10: 0 | BX10: =BW10 -> 0 | BY10: =BX10 -> 0 | BZ10: =BY10 -> 0 | CA10: =BZ10 -> 0 | CB10: =CA10 -> 0 | CC10: =CB10 -> 0 | CD10: =CC10 -> 0 | CE10: =CD10 -> 0 | ... CH10: =CG10 -> 0 | CI10: 0 | CJ10: =CI10 -> 0 | CK10: =CJ10 -> 0 | CL10: =CK10 -> 0 | CM10: =CL10 -> 0 | CN10: =CM10 -> 0 | CO10: =CN10 -> 0 | CP10: =CO10 -> 0 | CQ10: =CP10 -> 0 | ... CT10: =CS10 -> 0 | CU10: 0.0023 | CV10: =CU10 -> 0.0023 | CW10: =CV10 -> 0.0023 | CX10: =CW10 -> 0.0023 | CY10: =CX10 -> 0.0023 | CZ10: =CY10 -> 0.0023 | DA10: =CZ10 -> 0.0023 | DB10: =DA10 -> 0.0023 | DC10: =DB10 -> 0.0023 | ... DF10: =DE10 -> 0.0023 | DG10: 0.0091 | DH10: =DG10 -> 0.0091 | DI10: =DH10 -> 0.0091 | DJ10: =DI10 -> 0.0091 | DK10: =DJ10 -> 0.0091 | DL10: =DK10 -> 0.0091 | DM10: =DL10 -> 0.0091 | DN10: =DM10 -> 0.0091 | DO10: =DN10 -> 0.0091 | ... DR10: =DQ10 -> 0.0091 | DS10: 0.0143 | DT10: =DS10 -> 0.0143 | DU10: =DT10 -> 0.0143 | DV10: =DU10 -> 0.0143 | DW10: =DV10 -> 0.0143 | DX10: =DW10 -> 0.0143 | DY10: =DX10 -> 0.0143 | DZ10: =DY10 -> 0.0143 | EA10: =DZ10 -> 0.0143 | ... ED10: =EC10 -> 0.0143 | EE10: 0.0056975627 | EF10: =EE10 -> 0.0056975627 | EG10: =EF10 -> 0.0056975627 | EH10: =EG10 -> 0.0056975627 | EI10: =EH10 -> 0.0056975627 | EJ10: =EI10 -> 0.0056975627 | EK10: =EJ10 -> 0.0056975627 | EL10: =EK10 -> 0.0056975627 | EM10: =EL10 -> 0.0056975627 | ... EP10: =EO10 -> 0.0056975627 | EQ10: 0.0075 | ER10: =EQ10 -> 0.0075 | ES10: =ER10 -> 0.0075 | ET10: =ES10 -> 0.0075 | EU10: =ET10 -> 0.0075 | EV10: =EU10 -> 0.0075 | EW10: =EV10 -> 0.0075 | EX10: =EW10 -> 0.0075 | EY10: =EX10 -> 0.0075 | ... FB10: =FA10 -> 0.0075 | FC10: =EQ10 -> 0.0075 | FD10: =FC10 -> 0.0075 | FE10: =FD10 -> 0.0075 | FF10: =FE10 -> 0.0075 | FG10: =FF10 -> 0.0075 | FH10: =FG10 -> 0.0075 | FI10: =FH10 -> 0.0075 | FJ10: =FI10 -> 0.0075 | FK10: =FJ10 -> 0.0075 | ... FN10: =FM10 -> 0.0075 | FO10: 0 | FP10: =FO10 -> 0 | FQ10: =FP10 -> 0 | FR10: =FQ10 -> 0 | FS10: =FR10 -> 0 | FT10: =FS10 -> 0 | FU10: =FT10 -> 0 | FV10: =FU10 -> 0 | FW10: =FV10 -> 0 | ... FZ10: =FY10 -> 0 | GA10: 0 | GB10: =GA10 -> 0 | GC10: =GB10 -> 0 | GD10: =GC10 -> 0 | GE10: =GD10 -> 0 | GF10: =GE10 -> 0 | GG10: =GF10 -> 0 | GH10: =GG10 -> 0 | GI10: =GH10 -> 0 | ... GL10: =GK10 -> 0 | GM10: 0.0023 | GN10: =GM10 -> 0.0023 | GO10: =GN10 -> 0.0023 | GP10: =GO10 -> 0.0023 | GQ10: =GP10 -> 0.0023 | GR10: =GQ10 -> 0.0023 | GS10: =GR10 -> 0.0023 | GT10: =GS10 -> 0.0023 | GU10: =GT10 -> 0.0023 | ... GX10: =GW10 -> 0.0023 | GY10: 0.0092 | GZ10: =GY10 -> 0.0092 | HA10: =GZ10 -> 0.0092 | HB10: =HA10 -> 0.0092 | HC10: =HB10 -> 0.0092 | HD10: =HC10 -> 0.0092 | HE10: =HD10 -> 0.0092 | HF10: =HE10 -> 0.0092 | HG10: =HF10 -> 0.0092 | ... HJ10: =HI10 -> 0.0092 | HK10: 0.0116 | HL10: =HK10 -> 0.0116 | HM10: =HL10 -> 0.0116 | HN10: =HM10 -> 0.0116 | HO10: =HN10 -> 0.0116 | HP10: =HO10 -> 0.0116 | HQ10: =HP10 -> 0.0116 | HR10: =HQ10 -> 0.0116 | HS10: =HR10 -> 0.0116 | ... HV10: =HU10 -> 0.0116 | HW10: 0.0059180243 | HX10: =HW10 -> 0.0059180243 | HY10: =HX10 -> 0.0059180243 | HZ10: =HY10 -> 0.0059180243 | IA10: =HZ10 -> 0.0059180243 | IB10: =IA10 -> 0.0059180243 | IC10: =IB10 -> 0.0059180243 | ID10: =IC10 -> 0.0059180243 | IE10: =ID10 -> 0.0059180243 | ... IH10: =IG10 -> 0.0059180243 | II10: 0.007 | IJ10: =II10 -> 0.007 | IK10: =IJ10 -> 0.007 | IL10: =IK10 -> 0.007 | IM10: =IL10 -> 0.007 | IN10: =IM10 -> 0.007 | IO10: =IN10 -> 0.007 | IP10: =IO10 -> 0.007 | IQ10: =IP10 -> 0.007 | ... IT10: =IS10 -> 0.007 | IU10: =II10 -> 0.007 | IV10: =IU10 -> 0.007 | IW10: =IV10 -> 0.007 | IX10: =IW10 -> 0.007 | IY10: =IX10 -> 0.007 | IZ10: =IY10 -> 0.007 | JA10: =IZ10 -> 0.007 | JB10: =JA10 -> 0.007 | JC10: =JB10 -> 0.007 | ... JF10: =JE10 -> 0.007 | JG10: 0 | JH10: =JG10 -> 0 | JI10: =JH10 -> 0 | JJ10: =JI10 -> 0 | JK10: =JJ10 -> 0 | JL10: =JK10 -> 0 | JM10: =JL10 -> 0 | JN10: =JM10 -> 0 | JO10: =JN10 -> 0 | ... JR10: =JQ10 -> 0 | JS10: 0 | JT10: =JS10 -> 0 | JU10: =JT10 -> 0 | JV10: =JU10 -> 0 | JW10: =JV10 -> 0 | JX10: =JW10 -> 0 | JY10: =JX10 -> 0 | JZ10: =JY10 -> 0 | KA10: =JZ10 -> 0 | ... KD10: =KC10 -> 0
A11: =VLOOKUP(B11,'CC Mapping'!$A:$B,2,0) -> MP | B11: 415054 | C11: 0 | D11: =C11 -> 0 | E11: =D11 -> 0 | F11: =E11 -> 0 | G11: =F11 -> 0 | H11: =G11 -> 0 | I11: =H11 -> 0 | J11: =I11 -> 0 | K11: =J11 -> 0 | ... N11: =M11 -> 0 | O11: 0 | P11: =O11 -> 0 | Q11: =P11 -> 0 | R11: =Q11 -> 0 | S11: =R11 -> 0 | T11: =S11 -> 0 | U11: =T11 -> 0 | V11: =U11 -> 0 | W11: =V11 -> 0 | ... Z11: =Y11 -> 0 | AA11: 0 | AB11: =AA11 -> 0 | AC11: =AB11 -> 0 | AD11: =AC11 -> 0 | AE11: =AD11 -> 0 | AF11: =AE11 -> 0 | AG11: =AF11 -> 0 | AH11: =AG11 -> 0 | AI11: =AH11 -> 0 | ... AL11: =AK11 -> 0 | AM11: 0 | AN11: =AM11 -> 0 | AO11: =AN11 -> 0 | AP11: =AO11 -> 0 | AQ11: =AP11 -> 0 | AR11: =AQ11 -> 0 | AS11: =AR11 -> 0 | AT11: =AS11 -> 0 | AU11: =AT11 -> 0 | ... AX11: =AW11 -> 0 | AY11: 0 | AZ11: =AY11 -> 0 | BA11: =AZ11 -> 0 | BB11: =BA11 -> 0 | BC11: =BB11 -> 0 | BD11: =BC11 -> 0 | BE11: =BD11 -> 0 | BF11: =BE11 -> 0 | BG11: =BF11 -> 0 | ... BJ11: =BI11 -> 0 | BK11: 0 | BL11: =BK11 -> 0 | BM11: =BL11 -> 0 | BN11: =BM11 -> 0 | BO11: =BN11 -> 0 | BP11: =BO11 -> 0 | BQ11: =BP11 -> 0 | BR11: =BQ11 -> 0 | BS11: =BR11 -> 0 | ... BV11: =BU11 -> 0 | BW11: 0 | BX11: =BW11 -> 0 | BY11: =BX11 -> 0 | BZ11: =BY11 -> 0 | CA11: =BZ11 -> 0 | CB11: =CA11 -> 0 | CC11: =CB11 -> 0 | CD11: =CC11 -> 0 | CE11: =CD11 -> 0 | ... CH11: =CG11 -> 0 | CI11: 0 | CJ11: =CI11 -> 0 | CK11: =CJ11 -> 0 | CL11: =CK11 -> 0 | CM11: =CL11 -> 0 | CN11: =CM11 -> 0 | CO11: =CN11 -> 0 | CP11: =CO11 -> 0 | CQ11: =CP11 -> 0 | ... CT11: =CS11 -> 0 | CU11: 0 | CV11: =CU11 -> 0 | CW11: =CV11 -> 0 | CX11: =CW11 -> 0 | CY11: =CX11 -> 0 | CZ11: =CY11 -> 0 | DA11: =CZ11 -> 0 | DB11: =DA11 -> 0 | DC11: =DB11 -> 0 | ... DF11: =DE11 -> 0 | DG11: 0 | DH11: =DG11 -> 0 | DI11: =DH11 -> 0 | DJ11: =DI11 -> 0 | DK11: =DJ11 -> 0 | DL11: =DK11 -> 0 | DM11: =DL11 -> 0 | DN11: =DM11 -> 0 | DO11: =DN11 -> 0 | ... DR11: =DQ11 -> 0 | DS11: 0 | DT11: =DS11 -> 0 | DU11: =DT11 -> 0 | DV11: =DU11 -> 0 | DW11: =DV11 -> 0 | DX11: =DW11 -> 0 | DY11: =DX11 -> 0 | DZ11: =DY11 -> 0 | EA11: =DZ11 -> 0 | ... ED11: =EC11 -> 0 | EE11: 0 | EF11: =EE11 -> 0 | EG11: =EF11 -> 0 | EH11: =EG11 -> 0 | EI11: =EH11 -> 0 | EJ11: =EI11 -> 0 | EK11: =EJ11 -> 0 | EL11: =EK11 -> 0 | EM11: =EL11 -> 0 | ... EP11: =EO11 -> 0 | EQ11: 0 | ER11: =EQ11 -> 0 | ES11: =ER11 -> 0 | ET11: =ES11 -> 0 | EU11: =ET11 -> 0 | EV11: =EU11 -> 0 | EW11: =EV11 -> 0 | EX11: =EW11 -> 0 | EY11: =EX11 -> 0 | ... FB11: =FA11 -> 0 | FC11: =EQ11 -> 0 | FD11: =FC11 -> 0 | FE11: =FD11 -> 0 | FF11: =FE11 -> 0 | FG11: =FF11 -> 0 | FH11: =FG11 -> 0 | FI11: =FH11 -> 0 | FJ11: =FI11 -> 0 | FK11: =FJ11 -> 0 | ... FN11: =FM11 -> 0 | FO11: 0 | FP11: =FO11 -> 0 | FQ11: =FP11 -> 0 | FR11: =FQ11 -> 0 | FS11: =FR11 -> 0 | FT11: =FS11 -> 0 | FU11: =FT11 -> 0 | FV11: =FU11 -> 0 | FW11: =FV11 -> 0 | ... FZ11: =FY11 -> 0 | GA11: 0 | GB11: =GA11 -> 0 | GC11: =GB11 -> 0 | GD11: =GC11 -> 0 | GE11: =GD11 -> 0 | GF11: =GE11 -> 0 | GG11: =GF11 -> 0 | GH11: =GG11 -> 0 | GI11: =GH11 -> 0 | ... GL11: =GK11 -> 0 | GM11: 0 | GN11: =GM11 -> 0 | GO11: =GN11 -> 0 | GP11: =GO11 -> 0 | GQ11: =GP11 -> 0 | GR11: =GQ11 -> 0 | GS11: =GR11 -> 0 | GT11: =GS11 -> 0 | GU11: =GT11 -> 0 | ... GX11: =GW11 -> 0 | GY11: 0 | GZ11: =GY11 -> 0 | HA11: =GZ11 -> 0 | HB11: =HA11 -> 0 | HC11: =HB11 -> 0 | HD11: =HC11 -> 0 | HE11: =HD11 -> 0 | HF11: =HE11 -> 0 | HG11: =HF11 -> 0 | ... HJ11: =HI11 -> 0 | HK11: 0 | HL11: =HK11 -> 0 | HM11: =HL11 -> 0 | HN11: =HM11 -> 0 | HO11: =HN11 -> 0 | HP11: =HO11 -> 0 | HQ11: =HP11 -> 0 | HR11: =HQ11 -> 0 | HS11: =HR11 -> 0 | ... HV11: =HU11 -> 0 | HW11: 0 | HX11: =HW11 -> 0 | HY11: =HX11 -> 0 | HZ11: =HY11 -> 0 | IA11: =HZ11 -> 0 | IB11: =IA11 -> 0 | IC11: =IB11 -> 0 | ID11: =IC11 -> 0 | IE11: =ID11 -> 0 | ... IH11: =IG11 -> 0 | II11: 0 | IJ11: =II11 -> 0 | IK11: =IJ11 -> 0 | IL11: =IK11 -> 0 | IM11: =IL11 -> 0 | IN11: =IM11 -> 0 | IO11: =IN11 -> 0 | IP11: =IO11 -> 0 | IQ11: =IP11 -> 0 | ... IT11: =IS11 -> 0 | IU11: =II11 -> 0 | IV11: =IU11 -> 0 | IW11: =IV11 -> 0 | IX11: =IW11 -> 0 | IY11: =IX11 -> 0 | IZ11: =IY11 -> 0 | JA11: =IZ11 -> 0 | JB11: =JA11 -> 0 | JC11: =JB11 -> 0 | ... JF11: =JE11 -> 0 | JG11: 0 | JH11: =JG11 -> 0 | JI11: =JH11 -> 0 | JJ11: =JI11 -> 0 | JK11: =JJ11 -> 0 | JL11: =JK11 -> 0 | JM11: =JL11 -> 0 | JN11: =JM11 -> 0 | JO11: =JN11 -> 0 | ... JR11: =JQ11 -> 0 | JS11: 0 | JT11: =JS11 -> 0 | JU11: =JT11 -> 0 | JV11: =JU11 -> 0 | JW11: =JV11 -> 0 | JX11: =JW11 -> 0 | JY11: =JX11 -> 0 | JZ11: =JY11 -> 0 | KA11: =JZ11 -> 0 | ... KD11: =KC11 -> 0
A12: =VLOOKUP(B12,'CC Mapping'!$A:$B,2,0) -> AT | B12: 430011 | C12: 0.0335 | D12: =C12 -> 0.0335 | E12: =D12 -> 0.0335 | F12: =E12 -> 0.0335 | G12: =F12 -> 0.0335 | H12: =G12 -> 0.0335 | I12: =H12 -> 0.0335 | J12: =I12 -> 0.0335 | K12: =J12 -> 0.0335 | ... N12: =M12 -> 0.0335 | O12: 0.0382 | P12: =O12 -> 0.0382 | Q12: =P12 -> 0.0382 | R12: =Q12 -> 0.0382 | S12: =R12 -> 0.0382 | T12: =S12 -> 0.0382 | U12: =T12 -> 0.0382 | V12: =U12 -> 0.0382 | W12: =V12 -> 0.0382 | ... Z12: =Y12 -> 0.0382 | AA12: 0.0276 | AB12: =AA12 -> 0.0276 | AC12: =AB12 -> 0.0276 | AD12: =AC12 -> 0.0276 | AE12: =AD12 -> 0.0276 | AF12: =AE12 -> 0.0276 | AG12: =AF12 -> 0.0276 | AH12: =AG12 -> 0.0276 | AI12: =AH12 -> 0.0276 | ... AL12: =AK12 -> 0.0276 | AM12: 0.03564093 | AN12: =AM12 -> 0.03564093 | AO12: =AN12 -> 0.03564093 | AP12: =AO12 -> 0.03564093 | AQ12: =AP12 -> 0.03564093 | AR12: =AQ12 -> 0.03564093 | AS12: =AR12 -> 0.03564093 | AT12: =AS12 -> 0.03564093 | AU12: =AT12 -> 0.03564093 | ... AX12: =AW12 -> 0.03564093 | AY12: 0.0247 | AZ12: =AY12 -> 0.0247 | BA12: =AZ12 -> 0.0247 | BB12: =BA12 -> 0.0247 | BC12: =BB12 -> 0.0247 | BD12: =BC12 -> 0.0247 | BE12: =BD12 -> 0.0247 | BF12: =BE12 -> 0.0247 | BG12: =BF12 -> 0.0247 | ... BJ12: =BI12 -> 0.0247 | BK12: 0.0247 | BL12: =BK12 -> 0.0247 | BM12: =BL12 -> 0.0247 | BN12: =BM12 -> 0.0247 | BO12: =BN12 -> 0.0247 | BP12: =BO12 -> 0.0247 | BQ12: =BP12 -> 0.0247 | BR12: =BQ12 -> 0.0247 | BS12: =BR12 -> 0.0247 | ... BV12: =BU12 -> 0.0247 | BW12: 0 | BX12: =BW12 -> 0 | BY12: =BX12 -> 0 | BZ12: =BY12 -> 0 | CA12: =BZ12 -> 0 | CB12: =CA12 -> 0 | CC12: =CB12 -> 0 | CD12: =CC12 -> 0 | CE12: =CD12 -> 0 | ... CH12: =CG12 -> 0 | CI12: 0 | CJ12: =CI12 -> 0 | CK12: =CJ12 -> 0 | CL12: =CK12 -> 0 | CM12: =CL12 -> 0 | CN12: =CM12 -> 0 | CO12: =CN12 -> 0 | CP12: =CO12 -> 0 | CQ12: =CP12 -> 0 | ... CT12: =CS12 -> 0 | CU12: 0.0394 | CV12: =CU12 -> 0.0394 | CW12: =CV12 -> 0.0394 | CX12: =CW12 -> 0.0394 | CY12: =CX12 -> 0.0394 | CZ12: =CY12 -> 0.0394 | DA12: =CZ12 -> 0.0394 | DB12: =DA12 -> 0.0394 | DC12: =DB12 -> 0.0394 | ... DF12: =DE12 -> 0.0394 | DG12: 0.0389 | DH12: =DG12 -> 0.0389 | DI12: =DH12 -> 0.0389 | DJ12: =DI12 -> 0.0389 | DK12: =DJ12 -> 0.0389 | DL12: =DK12 -> 0.0389 | DM12: =DL12 -> 0.0389 | DN12: =DM12 -> 0.0389 | DO12: =DN12 -> 0.0389 | ... DR12: =DQ12 -> 0.0389 | DS12: 0.0325 | DT12: =DS12 -> 0.0325 | DU12: =DT12 -> 0.0325 | DV12: =DU12 -> 0.0325 | DW12: =DV12 -> 0.0325 | DX12: =DW12 -> 0.0325 | DY12: =DX12 -> 0.0325 | DZ12: =DY12 -> 0.0325 | EA12: =DZ12 -> 0.0325 | ... ED12: =EC12 -> 0.0325 | EE12: 0.038982825 | EF12: =EE12 -> 0.038982825 | EG12: =EF12 -> 0.038982825 | EH12: =EG12 -> 0.038982825 | EI12: =EH12 -> 0.038982825 | EJ12: =EI12 -> 0.038982825 | EK12: =EJ12 -> 0.038982825 | EL12: =EK12 -> 0.038982825 | EM12: =EL12 -> 0.038982825 | ... EP12: =EO12 -> 0.038982825 | EQ12: 0.0324 | ER12: =EQ12 -> 0.0324 | ES12: =ER12 -> 0.0324 | ET12: =ES12 -> 0.0324 | EU12: =ET12 -> 0.0324 | EV12: =EU12 -> 0.0324 | EW12: =EV12 -> 0.0324 | EX12: =EW12 -> 0.0324 | EY12: =EX12 -> 0.0324 | ... FB12: =FA12 -> 0.0324 | FC12: =EQ12 -> 0.0324 | FD12: =FC12 -> 0.0324 | FE12: =FD12 -> 0.0324 | FF12: =FE12 -> 0.0324 | FG12: =FF12 -> 0.0324 | FH12: =FG12 -> 0.0324 | FI12: =FH12 -> 0.0324 | FJ12: =FI12 -> 0.0324 | FK12: =FJ12 -> 0.0324 | ... FN12: =FM12 -> 0.0324 | FO12: 0 | FP12: =FO12 -> 0 | FQ12: =FP12 -> 0 | FR12: =FQ12 -> 0 | FS12: =FR12 -> 0 | FT12: =FS12 -> 0 | FU12: =FT12 -> 0 | FV12: =FU12 -> 0 | FW12: =FV12 -> 0 | ... FZ12: =FY12 -> 0 | GA12: 0 | GB12: =GA12 -> 0 | GC12: =GB12 -> 0 | GD12: =GC12 -> 0 | GE12: =GD12 -> 0 | GF12: =GE12 -> 0 | GG12: =GF12 -> 0 | GH12: =GG12 -> 0 | GI12: =GH12 -> 0 | ... GL12: =GK12 -> 0 | GM12: 0.0437 | GN12: =GM12 -> 0.0437 | GO12: =GN12 -> 0.0437 | GP12: =GO12 -> 0.0437 | GQ12: =GP12 -> 0.0437 | GR12: =GQ12 -> 0.0437 | GS12: =GR12 -> 0.0437 | GT12: =GS12 -> 0.0437 | GU12: =GT12 -> 0.0437 | ... GX12: =GW12 -> 0.0437 | GY12: 0.0419 | GZ12: =GY12 -> 0.0419 | HA12: =GZ12 -> 0.0419 | HB12: =HA12 -> 0.0419 | HC12: =HB12 -> 0.0419 | HD12: =HC12 -> 0.0419 | HE12: =HD12 -> 0.0419 | HF12: =HE12 -> 0.0419 | HG12: =HF12 -> 0.0419 | ... HJ12: =HI12 -> 0.0419 | HK12: 0.034 | HL12: =HK12 -> 0.034 | HM12: =HL12 -> 0.034 | HN12: =HM12 -> 0.034 | HO12: =HN12 -> 0.034 | HP12: =HO12 -> 0.034 | HQ12: =HP12 -> 0.034 | HR12: =HQ12 -> 0.034 | HS12: =HR12 -> 0.034 | ... HV12: =HU12 -> 0.034 | HW12: 0.042551271 | HX12: =HW12 -> 0.042551271 | HY12: =HX12 -> 0.042551271 | HZ12: =HY12 -> 0.042551271 | IA12: =HZ12 -> 0.042551271 | IB12: =IA12 -> 0.042551271 | IC12: =IB12 -> 0.042551271 | ID12: =IC12 -> 0.042551271 | IE12: =ID12 -> 0.042551271 | ... IH12: =IG12 -> 0.042551271 | II12: 0.032 | IJ12: =II12 -> 0.032 | IK12: =IJ12 -> 0.032 | IL12: =IK12 -> 0.032 | IM12: =IL12 -> 0.032 | IN12: =IM12 -> 0.032 | IO12: =IN12 -> 0.032 | IP12: =IO12 -> 0.032 | IQ12: =IP12 -> 0.032 | ... IT12: =IS12 -> 0.032 | IU12: =II12 -> 0.032 | IV12: =IU12 -> 0.032 | IW12: =IV12 -> 0.032 | IX12: =IW12 -> 0.032 | IY12: =IX12 -> 0.032 | IZ12: =IY12 -> 0.032 | JA12: =IZ12 -> 0.032 | JB12: =JA12 -> 0.032 | JC12: =JB12 -> 0.032 | ... JF12: =JE12 -> 0.032 | JG12: 0 | JH12: =JG12 -> 0 | JI12: =JH12 -> 0 | JJ12: =JI12 -> 0 | JK12: =JJ12 -> 0 | JL12: =JK12 -> 0 | JM12: =JL12 -> 0 | JN12: =JM12 -> 0 | JO12: =JN12 -> 0 | ... JR12: =JQ12 -> 0 | JS12: 0 | JT12: =JS12 -> 0 | JU12: =JT12 -> 0 | JV12: =JU12 -> 0 | JW12: =JV12 -> 0 | JX12: =JW12 -> 0 | JY12: =JX12 -> 0 | JZ12: =JY12 -> 0 | KA12: =JZ12 -> 0 | ... KD12: =KC12 -> 0
A13: =VLOOKUP(B13,'CC Mapping'!$A:$B,2,0) -> Key Supporting Function | B13: 480004 | C13: 0.0101 | D13: =C13 -> 0.0101 | E13: =D13 -> 0.0101 | F13: =E13 -> 0.0101 | G13: =F13 -> 0.0101 | H13: =G13 -> 0.0101 | I13: =H13 -> 0.0101 | J13: =I13 -> 0.0101 | K13: =J13 -> 0.0101 | ... N13: =M13 -> 0.0101 | O13: 0.0752 | P13: =O13 -> 0.0752 | Q13: =P13 -> 0.0752 | R13: =Q13 -> 0.0752 | S13: =R13 -> 0.0752 | T13: =S13 -> 0.0752 | U13: =T13 -> 0.0752 | V13: =U13 -> 0.0752 | W13: =V13 -> 0.0752 | ... Z13: =Y13 -> 0.0752 | AA13: 0.0138 | AB13: =AA13 -> 0.0138 | AC13: =AB13 -> 0.0138 | AD13: =AC13 -> 0.0138 | AE13: =AD13 -> 0.0138 | AF13: =AE13 -> 0.0138 | AG13: =AF13 -> 0.0138 | AH13: =AG13 -> 0.0138 | AI13: =AH13 -> 0.0138 | ... AL13: =AK13 -> 0.0138 | AM13: 0.039216063 | AN13: =AM13 -> 0.039216063 | AO13: =AN13 -> 0.039216063 | AP13: =AO13 -> 0.039216063 | AQ13: =AP13 -> 0.039216063 | AR13: =AQ13 -> 0.039216063 | AS13: =AR13 -> 0.039216063 | AT13: =AS13 -> 0.039216063 | AU13: =AT13 -> 0.039216063 | ... AX13: =AW13 -> 0.039216063 | AY13: 0.009 | AZ13: =AY13 -> 0.009 | BA13: =AZ13 -> 0.009 | BB13: =BA13 -> 0.009 | BC13: =BB13 -> 0.009 | BD13: =BC13 -> 0.009 | BE13: =BD13 -> 0.009 | BF13: =BE13 -> 0.009 | BG13: =BF13 -> 0.009 | ... BJ13: =BI13 -> 0.009 | BK13: 0.009 | BL13: =BK13 -> 0.009 | BM13: =BL13 -> 0.009 | BN13: =BM13 -> 0.009 | BO13: =BN13 -> 0.009 | BP13: =BO13 -> 0.009 | BQ13: =BP13 -> 0.009 | BR13: =BQ13 -> 0.009 | BS13: =BR13 -> 0.009 | ... BV13: =BU13 -> 0.009 | BW13: 0 | BX13: =BW13 -> 0 | BY13: =BX13 -> 0 | BZ13: =BY13 -> 0 | CA13: =BZ13 -> 0 | CB13: =CA13 -> 0 | CC13: =CB13 -> 0 | CD13: =CC13 -> 0 | CE13: =CD13 -> 0 | ... CH13: =CG13 -> 0 | CI13: 0 | CJ13: =CI13 -> 0 | CK13: =CJ13 -> 0 | CL13: =CK13 -> 0 | CM13: =CL13 -> 0 | CN13: =CM13 -> 0 | CO13: =CN13 -> 0 | CP13: =CO13 -> 0 | CQ13: =CP13 -> 0 | ... CT13: =CS13 -> 0 | CU13: 0.0151 | CV13: =CU13 -> 0.0151 | CW13: =CV13 -> 0.0151 | CX13: =CW13 -> 0.0151 | CY13: =CX13 -> 0.0151 | CZ13: =CY13 -> 0.0151 | DA13: =CZ13 -> 0.0151 | DB13: =DA13 -> 0.0151 | DC13: =DB13 -> 0.0151 | ... DF13: =DE13 -> 0.0151 | DG13: 0.0772 | DH13: =DG13 -> 0.0772 | DI13: =DH13 -> 0.0772 | DJ13: =DI13 -> 0.0772 | DK13: =DJ13 -> 0.0772 | DL13: =DK13 -> 0.0772 | DM13: =DL13 -> 0.0772 | DN13: =DM13 -> 0.0772 | DO13: =DN13 -> 0.0772 | ... DR13: =DQ13 -> 0.0772 | DS13: 0.03 | DT13: =DS13 -> 0.03 | DU13: =DT13 -> 0.03 | DV13: =DU13 -> 0.03 | DW13: =DV13 -> 0.03 | DX13: =DW13 -> 0.03 | DY13: =DX13 -> 0.03 | DZ13: =DY13 -> 0.03 | EA13: =DZ13 -> 0.03 | ... ED13: =EC13 -> 0.03 | EE13: 0.043494402 | EF13: =EE13 -> 0.043494402 | EG13: =EF13 -> 0.043494402 | EH13: =EG13 -> 0.043494402 | EI13: =EH13 -> 0.043494402 | EJ13: =EI13 -> 0.043494402 | EK13: =EJ13 -> 0.043494402 | EL13: =EK13 -> 0.043494402 | EM13: =EL13 -> 0.043494402 | ... EP13: =EO13 -> 0.043494402 | EQ13: 0.0083 | ER13: =EQ13 -> 0.0083 | ES13: =ER13 -> 0.0083 | ET13: =ES13 -> 0.0083 | EU13: =ET13 -> 0.0083 | EV13: =EU13 -> 0.0083 | EW13: =EV13 -> 0.0083 | EX13: =EW13 -> 0.0083 | EY13: =EX13 -> 0.0083 | ... FB13: =FA13 -> 0.0083 | FC13: =EQ13 -> 0.0083 | FD13: =FC13 -> 0.0083 | FE13: =FD13 -> 0.0083 | FF13: =FE13 -> 0.0083 | FG13: =FF13 -> 0.0083 | FH13: =FG13 -> 0.0083 | FI13: =FH13 -> 0.0083 | FJ13: =FI13 -> 0.0083 | FK13: =FJ13 -> 0.0083 | ... FN13: =FM13 -> 0.0083 | FO13: 0 | FP13: =FO13 -> 0 | FQ13: =FP13 -> 0 | FR13: =FQ13 -> 0 | FS13: =FR13 -> 0 | FT13: =FS13 -> 0 | FU13: =FT13 -> 0 | FV13: =FU13 -> 0 | FW13: =FV13 -> 0 | ... FZ13: =FY13 -> 0 | GA13: 0 | GB13: =GA13 -> 0 | GC13: =GB13 -> 0 | GD13: =GC13 -> 0 | GE13: =GD13 -> 0 | GF13: =GE13 -> 0 | GG13: =GF13 -> 0 | GH13: =GG13 -> 0 | GI13: =GH13 -> 0 | ... GL13: =GK13 -> 0 | GM13: 0.0115 | GN13: =GM13 -> 0.0115 | GO13: =GN13 -> 0.0115 | GP13: =GO13 -> 0.0115 | GQ13: =GP13 -> 0.0115 | GR13: =GQ13 -> 0.0115 | GS13: =GR13 -> 0.0115 | GT13: =GS13 -> 0.0115 | GU13: =GT13 -> 0.0115 | ... GX13: =GW13 -> 0.0115 | GY13: 0.0931 | GZ13: =GY13 -> 0.0931 | HA13: =GZ13 -> 0.0931 | HB13: =HA13 -> 0.0931 | HC13: =HB13 -> 0.0931 | HD13: =HC13 -> 0.0931 | HE13: =HD13 -> 0.0931 | HF13: =HE13 -> 0.0931 | HG13: =HF13 -> 0.0931 | ... HJ13: =HI13 -> 0.0931 | HK13: 0.0159 | HL13: =HK13 -> 0.0159 | HM13: =HL13 -> 0.0159 | HN13: =HM13 -> 0.0159 | HO13: =HN13 -> 0.0159 | HP13: =HO13 -> 0.0159 | HQ13: =HP13 -> 0.0159 | HR13: =HQ13 -> 0.0159 | HS13: =HR13 -> 0.0159 | ... HV13: =HU13 -> 0.0159 | HW13: 0.051312947 | HX13: =HW13 -> 0.051312947 | HY13: =HX13 -> 0.051312947 | HZ13: =HY13 -> 0.051312947 | IA13: =HZ13 -> 0.051312947 | IB13: =IA13 -> 0.051312947 | IC13: =IB13 -> 0.051312947 | ID13: =IC13 -> 0.051312947 | IE13: =ID13 -> 0.051312947 | ... IH13: =IG13 -> 0.051312947 | II13: 0.01 | IJ13: =II13 -> 0.01 | IK13: =IJ13 -> 0.01 | IL13: =IK13 -> 0.01 | IM13: =IL13 -> 0.01 | IN13: =IM13 -> 0.01 | IO13: =IN13 -> 0.01 | IP13: =IO13 -> 0.01 | IQ13: =IP13 -> 0.01 | ... IT13: =IS13 -> 0.01 | IU13: =II13 -> 0.01 | IV13: =IU13 -> 0.01 | IW13: =IV13 -> 0.01 | IX13: =IW13 -> 0.01 | IY13: =IX13 -> 0.01 | IZ13: =IY13 -> 0.01 | JA13: =IZ13 -> 0.01 | JB13: =JA13 -> 0.01 | JC13: =JB13 -> 0.01 | ... JF13: =JE13 -> 0.01 | JG13: 0 | JH13: =JG13 -> 0 | JI13: =JH13 -> 0 | JJ13: =JI13 -> 0 | JK13: =JJ13 -> 0 | JL13: =JK13 -> 0 | JM13: =JL13 -> 0 | JN13: =JM13 -> 0 | JO13: =JN13 -> 0 | ... JR13: =JQ13 -> 0 | JS13: 0 | JT13: =JS13 -> 0 | JU13: =JT13 -> 0 | JV13: =JU13 -> 0 | JW13: =JV13 -> 0 | JX13: =JW13 -> 0 | JY13: =JX13 -> 0 | JZ13: =JY13 -> 0 | KA13: =JZ13 -> 0 | ... KD13: =KC13 -> 0
A14: =VLOOKUP(B14,'CC Mapping'!$A:$B,2,0) -> TI | B14: 400001 | C14: 0.0091 | D14: =C14 -> 0.0091 | E14: =D14 -> 0.0091 | F14: =E14 -> 0.0091 | G14: =F14 -> 0.0091 | H14: =G14 -> 0.0091 | I14: =H14 -> 0.0091 | J14: =I14 -> 0.0091 | K14: =J14 -> 0.0091 | ... N14: =M14 -> 0.0091 | O14: 0.01 | P14: =O14 -> 0.01 | Q14: =P14 -> 0.01 | R14: =Q14 -> 0.01 | S14: =R14 -> 0.01 | T14: =S14 -> 0.01 | U14: =T14 -> 0.01 | V14: =U14 -> 0.01 | W14: =V14 -> 0.01 | ... Z14: =Y14 -> 0.01 | AA14: 0.0092 | AB14: =AA14 -> 0.0092 | AC14: =AB14 -> 0.0092 | AD14: =AC14 -> 0.0092 | AE14: =AD14 -> 0.0092 | AF14: =AE14 -> 0.0092 | AG14: =AF14 -> 0.0092 | AH14: =AG14 -> 0.0092 | AI14: =AH14 -> 0.0092 | ... AL14: =AK14 -> 0.0092 | AM14: 0.009563267 | AN14: =AM14 -> 0.009563267 | AO14: =AN14 -> 0.009563267 | AP14: =AO14 -> 0.009563267 | AQ14: =AP14 -> 0.009563267 | AR14: =AQ14 -> 0.009563267 | AS14: =AR14 -> 0.009563267 | AT14: =AS14 -> 0.009563267 | AU14: =AT14 -> 0.009563267 | ... AX14: =AW14 -> 0.009563267 | AY14: 0.0082 | AZ14: =AY14 -> 0.0082 | BA14: =AZ14 -> 0.0082 | BB14: =BA14 -> 0.0082 | BC14: =BB14 -> 0.0082 | BD14: =BC14 -> 0.0082 | BE14: =BD14 -> 0.0082 | BF14: =BE14 -> 0.0082 | BG14: =BF14 -> 0.0082 | ... BJ14: =BI14 -> 0.0082 | BK14: 0.0082 | BL14: =BK14 -> 0.0082 | BM14: =BL14 -> 0.0082 | BN14: =BM14 -> 0.0082 | BO14: =BN14 -> 0.0082 | BP14: =BO14 -> 0.0082 | BQ14: =BP14 -> 0.0082 | BR14: =BQ14 -> 0.0082 | BS14: =BR14 -> 0.0082 | ... BV14: =BU14 -> 0.0082 | BW14: 0 | BX14: =BW14 -> 0 | BY14: =BX14 -> 0 | BZ14: =BY14 -> 0 | CA14: =BZ14 -> 0 | CB14: =CA14 -> 0 | CC14: =CB14 -> 0 | CD14: =CC14 -> 0 | CE14: =CD14 -> 0 | ... CH14: =CG14 -> 0 | CI14: 0 | CJ14: =CI14 -> 0 | CK14: =CJ14 -> 0 | CL14: =CK14 -> 0 | CM14: =CL14 -> 0 | CN14: =CM14 -> 0 | CO14: =CN14 -> 0 | CP14: =CO14 -> 0 | CQ14: =CP14 -> 0 | ... CT14: =CS14 -> 0 | CU14: 0.0128 | CV14: =CU14 -> 0.0128 | CW14: =CV14 -> 0.0128 | CX14: =CW14 -> 0.0128 | CY14: =CX14 -> 0.0128 | CZ14: =CY14 -> 0.0128 | DA14: =CZ14 -> 0.0128 | DB14: =DA14 -> 0.0128 | DC14: =DB14 -> 0.0128 | ... DF14: =DE14 -> 0.0128 | DG14: 0.0102 | DH14: =DG14 -> 0.0102 | DI14: =DH14 -> 0.0102 | DJ14: =DI14 -> 0.0102 | DK14: =DJ14 -> 0.0102 | DL14: =DK14 -> 0.0102 | DM14: =DL14 -> 0.0102 | DN14: =DM14 -> 0.0102 | DO14: =DN14 -> 0.0102 | ... DR14: =DQ14 -> 0.0102 | DS14: 0.0104 | DT14: =DS14 -> 0.0104 | DU14: =DT14 -> 0.0104 | DV14: =DU14 -> 0.0104 | DW14: =DV14 -> 0.0104 | DX14: =DW14 -> 0.0104 | DY14: =DX14 -> 0.0104 | DZ14: =DY14 -> 0.0104 | EA14: =DZ14 -> 0.0104 | ... ED14: =EC14 -> 0.0104 | EE14: 0.011561788 | EF14: =EE14 -> 0.011561788 | EG14: =EF14 -> 0.011561788 | EH14: =EG14 -> 0.011561788 | EI14: =EH14 -> 0.011561788 | EJ14: =EI14 -> 0.011561788 | EK14: =EJ14 -> 0.011561788 | EL14: =EK14 -> 0.011561788 | EM14: =EL14 -> 0.011561788 | ... EP14: =EO14 -> 0.011561788 | EQ14: 0.01 | ER14: =EQ14 -> 0.01 | ES14: =ER14 -> 0.01 | ET14: =ES14 -> 0.01 | EU14: =ET14 -> 0.01 | EV14: =EU14 -> 0.01 | EW14: =EV14 -> 0.01 | EX14: =EW14 -> 0.01 | EY14: =EX14 -> 0.01 | ... FB14: =FA14 -> 0.01 | FC14: =EQ14 -> 0.01 | FD14: =FC14 -> 0.01 | FE14: =FD14 -> 0.01 | FF14: =FE14 -> 0.01 | FG14: =FF14 -> 0.01 | FH14: =FG14 -> 0.01 | FI14: =FH14 -> 0.01 | FJ14: =FI14 -> 0.01 | FK14: =FJ14 -> 0.01 | ... FN14: =FM14 -> 0.01 | FO14: 0 | FP14: =FO14 -> 0 | FQ14: =FP14 -> 0 | FR14: =FQ14 -> 0 | FS14: =FR14 -> 0 | FT14: =FS14 -> 0 | FU14: =FT14 -> 0 | FV14: =FU14 -> 0 | FW14: =FV14 -> 0 | ... FZ14: =FY14 -> 0 | GA14: 0 | GB14: =GA14 -> 0 | GC14: =GB14 -> 0 | GD14: =GC14 -> 0 | GE14: =GD14 -> 0 | GF14: =GE14 -> 0 | GG14: =GF14 -> 0 | GH14: =GG14 -> 0 | GI14: =GH14 -> 0 | ... GL14: =GK14 -> 0 | GM14: 0.0138 | GN14: =GM14 -> 0.0138 | GO14: =GN14 -> 0.0138 | GP14: =GO14 -> 0.0138 | GQ14: =GP14 -> 0.0138 | GR14: =GQ14 -> 0.0138 | GS14: =GR14 -> 0.0138 | GT14: =GS14 -> 0.0138 | GU14: =GT14 -> 0.0138 | ... GX14: =GW14 -> 0.0138 | GY14: 0.0101 | GZ14: =GY14 -> 0.0101 | HA14: =GZ14 -> 0.0101 | HB14: =HA14 -> 0.0101 | HC14: =HB14 -> 0.0101 | HD14: =HC14 -> 0.0101 | HE14: =HD14 -> 0.0101 | HF14: =HE14 -> 0.0101 | HG14: =HF14 -> 0.0101 | ... HJ14: =HI14 -> 0.0101 | HK14: 0.0101 | HL14: =HK14 -> 0.0101 | HM14: =HL14 -> 0.0101 | HN14: =HM14 -> 0.0101 | HO14: =HN14 -> 0.0101 | HP14: =HO14 -> 0.0101 | HQ14: =HP14 -> 0.0101 | HR14: =HQ14 -> 0.0101 | HS14: =HR14 -> 0.0101 | ... HV14: =HU14 -> 0.0101 | HW14: 0.011896152 | HX14: =HW14 -> 0.011896152 | HY14: =HX14 -> 0.011896152 | HZ14: =HY14 -> 0.011896152 | IA14: =HZ14 -> 0.011896152 | IB14: =IA14 -> 0.011896152 | IC14: =IB14 -> 0.011896152 | ID14: =IC14 -> 0.011896152 | IE14: =ID14 -> 0.011896152 | ... IH14: =IG14 -> 0.011896152 | II14: 0.011 | IJ14: =II14 -> 0.011 | IK14: =IJ14 -> 0.011 | IL14: =IK14 -> 0.011 | IM14: =IL14 -> 0.011 | IN14: =IM14 -> 0.011 | IO14: =IN14 -> 0.011 | IP14: =IO14 -> 0.011 | IQ14: =IP14 -> 0.011 | ... IT14: =IS14 -> 0.011 | IU14: =II14 -> 0.011 | IV14: =IU14 -> 0.011 | IW14: =IV14 -> 0.011 | IX14: =IW14 -> 0.011 | IY14: =IX14 -> 0.011 | IZ14: =IY14 -> 0.011 | JA14: =IZ14 -> 0.011 | JB14: =JA14 -> 0.011 | JC14: =JB14 -> 0.011 | ... JF14: =JE14 -> 0.011 | JG14: 0 | JH14: =JG14 -> 0 | JI14: =JH14 -> 0 | JJ14: =JI14 -> 0 | JK14: =JJ14 -> 0 | JL14: =JK14 -> 0 | JM14: =JL14 -> 0 | JN14: =JM14 -> 0 | JO14: =JN14 -> 0 | ... JR14: =JQ14 -> 0 | JS14: 0 | JT14: =JS14 -> 0 | JU14: =JT14 -> 0 | JV14: =JU14 -> 0 | JW14: =JV14 -> 0 | JX14: =JW14 -> 0 | JY14: =JX14 -> 0 | JZ14: =JY14 -> 0 | KA14: =JZ14 -> 0 | ... KD14: =KC14 -> 0
A15: =VLOOKUP(B15,'CC Mapping'!$A:$B,2,0) -> TI | B15: 400002 | C15: 0.002 | D15: =C15 -> 0.002 | E15: =D15 -> 0.002 | F15: =E15 -> 0.002 | G15: =F15 -> 0.002 | H15: =G15 -> 0.002 | I15: =H15 -> 0.002 | J15: =I15 -> 0.002 | K15: =J15 -> 0.002 | ... N15: =M15 -> 0.002 | O15: 0.0017 | P15: =O15 -> 0.0017 | Q15: =P15 -> 0.0017 | R15: =Q15 -> 0.0017 | S15: =R15 -> 0.0017 | T15: =S15 -> 0.0017 | U15: =T15 -> 0.0017 | V15: =U15 -> 0.0017 | W15: =V15 -> 0.0017 | ... Z15: =Y15 -> 0.0017 | AA15: 0.0053 | AB15: =AA15 -> 0.0053 | AC15: =AB15 -> 0.0053 | AD15: =AC15 -> 0.0053 | AE15: =AD15 -> 0.0053 | AF15: =AE15 -> 0.0053 | AG15: =AF15 -> 0.0053 | AH15: =AG15 -> 0.0053 | AI15: =AH15 -> 0.0053 | ... AL15: =AK15 -> 0.0053 | AM15: 0.0017553755 | AN15: =AM15 -> 0.0017553755 | AO15: =AN15 -> 0.0017553755 | AP15: =AO15 -> 0.0017553755 | AQ15: =AP15 -> 0.0017553755 | AR15: =AQ15 -> 0.0017553755 | AS15: =AR15 -> 0.0017553755 | AT15: =AS15 -> 0.0017553755 | AU15: =AT15 -> 0.0017553755 | ... AX15: =AW15 -> 0.0017553755 | AY15: 0.0015 | AZ15: =AY15 -> 0.0015 | BA15: =AZ15 -> 0.0015 | BB15: =BA15 -> 0.0015 | BC15: =BB15 -> 0.0015 | BD15: =BC15 -> 0.0015 | BE15: =BD15 -> 0.0015 | BF15: =BE15 -> 0.0015 | BG15: =BF15 -> 0.0015 | ... BJ15: =BI15 -> 0.0015 | BK15: 0.0015 | BL15: =BK15 -> 0.0015 | BM15: =BL15 -> 0.0015 | BN15: =BM15 -> 0.0015 | BO15: =BN15 -> 0.0015 | BP15: =BO15 -> 0.0015 | BQ15: =BP15 -> 0.0015 | BR15: =BQ15 -> 0.0015 | BS15: =BR15 -> 0.0015 | ... BV15: =BU15 -> 0.0015 | BW15: 0 | BX15: =BW15 -> 0 | BY15: =BX15 -> 0 | BZ15: =BY15 -> 0 | CA15: =BZ15 -> 0 | CB15: =CA15 -> 0 | CC15: =CB15 -> 0 | CD15: =CC15 -> 0 | CE15: =CD15 -> 0 | ... CH15: =CG15 -> 0 | CI15: 0 | CJ15: =CI15 -> 0 | CK15: =CJ15 -> 0 | CL15: =CK15 -> 0 | CM15: =CL15 -> 0 | CN15: =CM15 -> 0 | CO15: =CN15 -> 0 | CP15: =CO15 -> 0 | CQ15: =CP15 -> 0 | ... CT15: =CS15 -> 0 | CU15: 0.0023 | CV15: =CU15 -> 0.0023 | CW15: =CV15 -> 0.0023 | CX15: =CW15 -> 0.0023 | CY15: =CX15 -> 0.0023 | CZ15: =CY15 -> 0.0023 | DA15: =CZ15 -> 0.0023 | DB15: =DA15 -> 0.0023 | DC15: =DB15 -> 0.0023 | ... DF15: =DE15 -> 0.0023 | DG15: 0.0022 | DH15: =DG15 -> 0.0022 | DI15: =DH15 -> 0.0022 | DJ15: =DI15 -> 0.0022 | DK15: =DJ15 -> 0.0022 | DL15: =DK15 -> 0.0022 | DM15: =DL15 -> 0.0022 | DN15: =DM15 -> 0.0022 | DO15: =DN15 -> 0.0022 | ... DR15: =DQ15 -> 0.0022 | DS15: 0.0059 | DT15: =DS15 -> 0.0059 | DU15: =DT15 -> 0.0059 | DV15: =DU15 -> 0.0059 | DW15: =DV15 -> 0.0059 | DX15: =DW15 -> 0.0059 | DY15: =DX15 -> 0.0059 | DZ15: =DY15 -> 0.0059 | EA15: =DZ15 -> 0.0059 | ... ED15: =EC15 -> 0.0059 | EE15: 0.0023550619 | EF15: =EE15 -> 0.0023550619 | EG15: =EF15 -> 0.0023550619 | EH15: =EG15 -> 0.0023550619 | EI15: =EH15 -> 0.0023550619 | EJ15: =EI15 -> 0.0023550619 | EK15: =EJ15 -> 0.0023550619 | EL15: =EK15 -> 0.0023550619 | EM15: =EL15 -> 0.0023550619 | ... EP15: =EO15 -> 0.0023550619 | EQ15: 0.0017 | ER15: =EQ15 -> 0.0017 | ES15: =ER15 -> 0.0017 | ET15: =ES15 -> 0.0017 | EU15: =ET15 -> 0.0017 | EV15: =EU15 -> 0.0017 | EW15: =EV15 -> 0.0017 | EX15: =EW15 -> 0.0017 | EY15: =EX15 -> 0.0017 | ... FB15: =FA15 -> 0.0017 | FC15: =EQ15 -> 0.0017 | FD15: =FC15 -> 0.0017 | FE15: =FD15 -> 0.0017 | FF15: =FE15 -> 0.0017 | FG15: =FF15 -> 0.0017 | FH15: =FG15 -> 0.0017 | FI15: =FH15 -> 0.0017 | FJ15: =FI15 -> 0.0017 | FK15: =FJ15 -> 0.0017 | ... FN15: =FM15 -> 0.0017 | FO15: 0 | FP15: =FO15 -> 0 | FQ15: =FP15 -> 0 | FR15: =FQ15 -> 0 | FS15: =FR15 -> 0 | FT15: =FS15 -> 0 | FU15: =FT15 -> 0 | FV15: =FU15 -> 0 | FW15: =FV15 -> 0 | ... FZ15: =FY15 -> 0 | GA15: 0 | GB15: =GA15 -> 0 | GC15: =GB15 -> 0 | GD15: =GC15 -> 0 | GE15: =GD15 -> 0 | GF15: =GE15 -> 0 | GG15: =GF15 -> 0 | GH15: =GG15 -> 0 | GI15: =GH15 -> 0 | ... GL15: =GK15 -> 0 | GM15: 0.0046 | GN15: =GM15 -> 0.0046 | GO15: =GN15 -> 0.0046 | GP15: =GO15 -> 0.0046 | GQ15: =GP15 -> 0.0046 | GR15: =GQ15 -> 0.0046 | GS15: =GR15 -> 0.0046 | GT15: =GS15 -> 0.0046 | GU15: =GT15 -> 0.0046 | ... GX15: =GW15 -> 0.0046 | GY15: 0.0026 | GZ15: =GY15 -> 0.0026 | HA15: =GZ15 -> 0.0026 | HB15: =HA15 -> 0.0026 | HC15: =HB15 -> 0.0026 | HD15: =HC15 -> 0.0026 | HE15: =HD15 -> 0.0026 | HF15: =HE15 -> 0.0026 | HG15: =HF15 -> 0.0026 | ... HJ15: =HI15 -> 0.0026 | HK15: 0.0051 | HL15: =HK15 -> 0.0051 | HM15: =HL15 -> 0.0051 | HN15: =HM15 -> 0.0051 | HO15: =HN15 -> 0.0051 | HP15: =HO15 -> 0.0051 | HQ15: =HP15 -> 0.0051 | HR15: =HQ15 -> 0.0051 | HS15: =HR15 -> 0.0051 | ... HV15: =HU15 -> 0.0051 | HW15: 0.0036413146 | HX15: =HW15 -> 0.0036413146 | HY15: =HX15 -> 0.0036413146 | HZ15: =HY15 -> 0.0036413146 | IA15: =HZ15 -> 0.0036413146 | IB15: =IA15 -> 0.0036413146 | IC15: =IB15 -> 0.0036413146 | ID15: =IC15 -> 0.0036413146 | IE15: =ID15 -> 0.0036413146 | ... IH15: =IG15 -> 0.0036413146 | II15: 0.003 | IJ15: =II15 -> 0.003 | IK15: =IJ15 -> 0.003 | IL15: =IK15 -> 0.003 | IM15: =IL15 -> 0.003 | IN15: =IM15 -> 0.003 | IO15: =IN15 -> 0.003 | IP15: =IO15 -> 0.003 | IQ15: =IP15 -> 0.003 | ... IT15: =IS15 -> 0.003 | IU15: =II15 -> 0.003 | IV15: =IU15 -> 0.003 | IW15: =IV15 -> 0.003 | IX15: =IW15 -> 0.003 | IY15: =IX15 -> 0.003 | IZ15: =IY15 -> 0.003 | JA15: =IZ15 -> 0.003 | JB15: =JA15 -> 0.003 | JC15: =JB15 -> 0.003 | ... JF15: =JE15 -> 0.003 | JG15: 0 | JH15: =JG15 -> 0 | JI15: =JH15 -> 0 | JJ15: =JI15 -> 0 | JK15: =JJ15 -> 0 | JL15: =JK15 -> 0 | JM15: =JL15 -> 0 | JN15: =JM15 -> 0 | JO15: =JN15 -> 0 | ... JR15: =JQ15 -> 0 | JS15: 0 | JT15: =JS15 -> 0 | JU15: =JT15 -> 0 | JV15: =JU15 -> 0 | JW15: =JV15 -> 0 | JX15: =JW15 -> 0 | JY15: =JX15 -> 0 | JZ15: =JY15 -> 0 | KA15: =JZ15 -> 0 | ... KD15: =KC15 -> 0
A16: =VLOOKUP(B16,'CC Mapping'!$A:$B,2,0) -> CT | B16: 412001 | C16: 0.0081 | D16: =C16 -> 0.0081 | E16: =D16 -> 0.0081 | F16: =E16 -> 0.0081 | G16: =F16 -> 0.0081 | H16: =G16 -> 0.0081 | I16: =H16 -> 0.0081 | J16: =I16 -> 0.0081 | K16: =J16 -> 0.0081 | ... N16: =M16 -> 0.0081 | O16: 0.0069 | P16: =O16 -> 0.0069 | Q16: =P16 -> 0.0069 | R16: =Q16 -> 0.0069 | S16: =R16 -> 0.0069 | T16: =S16 -> 0.0069 | U16: =T16 -> 0.0069 | V16: =U16 -> 0.0069 | W16: =V16 -> 0.0069 | ... Z16: =Y16 -> 0.0069 | AA16: 0.0066 | AB16: =AA16 -> 0.0066 | AC16: =AB16 -> 0.0066 | AD16: =AC16 -> 0.0066 | AE16: =AD16 -> 0.0066 | AF16: =AE16 -> 0.0066 | AG16: =AF16 -> 0.0066 | AH16: =AG16 -> 0.0066 | AI16: =AH16 -> 0.0066 | ... AL16: =AK16 -> 0.0066 | AM16: 0.0075283756 | AN16: =AM16 -> 0.0075283756 | AO16: =AN16 -> 0.0075283756 | AP16: =AO16 -> 0.0075283756 | AQ16: =AP16 -> 0.0075283756 | AR16: =AQ16 -> 0.0075283756 | AS16: =AR16 -> 0.0075283756 | AT16: =AS16 -> 0.0075283756 | AU16: =AT16 -> 0.0075283756 | ... AX16: =AW16 -> 0.0075283756 | AY16: 0.006 | AZ16: =AY16 -> 0.006 | BA16: =AZ16 -> 0.006 | BB16: =BA16 -> 0.006 | BC16: =BB16 -> 0.006 | BD16: =BC16 -> 0.006 | BE16: =BD16 -> 0.006 | BF16: =BE16 -> 0.006 | BG16: =BF16 -> 0.006 | ... BJ16: =BI16 -> 0.006 | BK16: 0.006 | BL16: =BK16 -> 0.006 | BM16: =BL16 -> 0.006 | BN16: =BM16 -> 0.006 | BO16: =BN16 -> 0.006 | BP16: =BO16 -> 0.006 | BQ16: =BP16 -> 0.006 | BR16: =BQ16 -> 0.006 | BS16: =BR16 -> 0.006 | ... BV16: =BU16 -> 0.006 | BW16: 0 | BX16: =BW16 -> 0 | BY16: =BX16 -> 0 | BZ16: =BY16 -> 0 | CA16: =BZ16 -> 0 | CB16: =CA16 -> 0 | CC16: =CB16 -> 0 | CD16: =CC16 -> 0 | CE16: =CD16 -> 0 | ... CH16: =CG16 -> 0 | CI16: 0 | CJ16: =CI16 -> 0 | CK16: =CJ16 -> 0 | CL16: =CK16 -> 0 | CM16: =CL16 -> 0 | CN16: =CM16 -> 0 | CO16: =CN16 -> 0 | CP16: =CO16 -> 0 | CQ16: =CP16 -> 0 | ... CT16: =CS16 -> 0 | CU16: 0.0093 | CV16: =CU16 -> 0.0093 | CW16: =CV16 -> 0.0093 | CX16: =CW16 -> 0.0093 | CY16: =CX16 -> 0.0093 | CZ16: =CY16 -> 0.0093 | DA16: =CZ16 -> 0.0093 | DB16: =DA16 -> 0.0093 | DC16: =DB16 -> 0.0093 | ... DF16: =DE16 -> 0.0093 | DG16: 0.0071 | DH16: =DG16 -> 0.0071 | DI16: =DH16 -> 0.0071 | DJ16: =DI16 -> 0.0071 | DK16: =DJ16 -> 0.0071 | DL16: =DK16 -> 0.0071 | DM16: =DL16 -> 0.0071 | DN16: =DM16 -> 0.0071 | DO16: =DN16 -> 0.0071 | ... DR16: =DQ16 -> 0.0071 | DS16: 0.0065 | DT16: =DS16 -> 0.0065 | DU16: =DT16 -> 0.0065 | DV16: =DU16 -> 0.0065 | DW16: =DV16 -> 0.0065 | DX16: =DW16 -> 0.0065 | DY16: =DX16 -> 0.0065 | DZ16: =DY16 -> 0.0065 | EA16: =DZ16 -> 0.0065 | ... ED16: =EC16 -> 0.0065 | EE16: 0.0082308895 | EF16: =EE16 -> 0.0082308895 | EG16: =EF16 -> 0.0082308895 | EH16: =EG16 -> 0.0082308895 | EI16: =EH16 -> 0.0082308895 | EJ16: =EI16 -> 0.0082308895 | EK16: =EJ16 -> 0.0082308895 | EL16: =EK16 -> 0.0082308895 | EM16: =EL16 -> 0.0082308895 | ... EP16: =EO16 -> 0.0082308895 | EQ16: 0.0066 | ER16: =EQ16 -> 0.0066 | ES16: =ER16 -> 0.0066 | ET16: =ES16 -> 0.0066 | EU16: =ET16 -> 0.0066 | EV16: =EU16 -> 0.0066 | EW16: =EV16 -> 0.0066 | EX16: =EW16 -> 0.0066 | EY16: =EX16 -> 0.0066 | ... FB16: =FA16 -> 0.0066 | FC16: =EQ16 -> 0.0066 | FD16: =FC16 -> 0.0066 | FE16: =FD16 -> 0.0066 | FF16: =FE16 -> 0.0066 | FG16: =FF16 -> 0.0066 | FH16: =FG16 -> 0.0066 | FI16: =FH16 -> 0.0066 | FJ16: =FI16 -> 0.0066 | FK16: =FJ16 -> 0.0066 | ... FN16: =FM16 -> 0.0066 | FO16: 0 | FP16: =FO16 -> 0 | FQ16: =FP16 -> 0 | FR16: =FQ16 -> 0 | FS16: =FR16 -> 0 | FT16: =FS16 -> 0 | FU16: =FT16 -> 0 | FV16: =FU16 -> 0 | FW16: =FV16 -> 0 | ... FZ16: =FY16 -> 0 | GA16: 0 | GB16: =GA16 -> 0 | GC16: =GB16 -> 0 | GD16: =GC16 -> 0 | GE16: =GD16 -> 0 | GF16: =GE16 -> 0 | GG16: =GF16 -> 0 | GH16: =GG16 -> 0 | GI16: =GH16 -> 0 | ... GL16: =GK16 -> 0 | GM16: 0.0092 | GN16: =GM16 -> 0.0092 | GO16: =GN16 -> 0.0092 | GP16: =GO16 -> 0.0092 | GQ16: =GP16 -> 0.0092 | GR16: =GQ16 -> 0.0092 | GS16: =GR16 -> 0.0092 | GT16: =GS16 -> 0.0092 | GU16: =GT16 -> 0.0092 | ... GX16: =GW16 -> 0.0092 | GY16: 0.0059 | GZ16: =GY16 -> 0.0059 | HA16: =GZ16 -> 0.0059 | HB16: =HA16 -> 0.0059 | HC16: =HB16 -> 0.0059 | HD16: =HC16 -> 0.0059 | HE16: =HD16 -> 0.0059 | HF16: =HE16 -> 0.0059 | HG16: =HF16 -> 0.0059 | ... HJ16: =HI16 -> 0.0059 | HK16: 0.0065 | HL16: =HK16 -> 0.0065 | HM16: =HL16 -> 0.0065 | HN16: =HM16 -> 0.0065 | HO16: =HN16 -> 0.0065 | HP16: =HO16 -> 0.0065 | HQ16: =HP16 -> 0.0065 | HR16: =HQ16 -> 0.0065 | HS16: =HR16 -> 0.0065 | ... HV16: =HU16 -> 0.0065 | HW16: 0.0075188745 | HX16: =HW16 -> 0.0075188745 | HY16: =HX16 -> 0.0075188745 | HZ16: =HY16 -> 0.0075188745 | IA16: =HZ16 -> 0.0075188745 | IB16: =IA16 -> 0.0075188745 | IC16: =IB16 -> 0.0075188745 | ID16: =IC16 -> 0.0075188745 | IE16: =ID16 -> 0.0075188745 | ... IH16: =IG16 -> 0.0075188745 | II16: 0.006 | IJ16: =II16 -> 0.006 | IK16: =IJ16 -> 0.006 | IL16: =IK16 -> 0.006 | IM16: =IL16 -> 0.006 | IN16: =IM16 -> 0.006 | IO16: =IN16 -> 0.006 | IP16: =IO16 -> 0.006 | IQ16: =IP16 -> 0.006 | ... IT16: =IS16 -> 0.006 | IU16: =II16 -> 0.006 | IV16: =IU16 -> 0.006 | IW16: =IV16 -> 0.006 | IX16: =IW16 -> 0.006 | IY16: =IX16 -> 0.006 | IZ16: =IY16 -> 0.006 | JA16: =IZ16 -> 0.006 | JB16: =JA16 -> 0.006 | JC16: =JB16 -> 0.006 | ... JF16: =JE16 -> 0.006 | JG16: 0 | JH16: =JG16 -> 0 | JI16: =JH16 -> 0 | JJ16: =JI16 -> 0 | JK16: =JJ16 -> 0 | JL16: =JK16 -> 0 | JM16: =JL16 -> 0 | JN16: =JM16 -> 0 | JO16: =JN16 -> 0 | ... JR16: =JQ16 -> 0 | JS16: 0 | JT16: =JS16 -> 0 | JU16: =JT16 -> 0 | JV16: =JU16 -> 0 | JW16: =JV16 -> 0 | JX16: =JW16 -> 0 | JY16: =JX16 -> 0 | JZ16: =JY16 -> 0 | KA16: =JZ16 -> 0 | ... KD16: =KC16 -> 0
A17: =VLOOKUP(B17,'CC Mapping'!$A:$B,2,0) -> CT | B17: 412002 | C17: 0.0081 | D17: =C17 -> 0.0081 | E17: =D17 -> 0.0081 | F17: =E17 -> 0.0081 | G17: =F17 -> 0.0081 | H17: =G17 -> 0.0081 | I17: =H17 -> 0.0081 | J17: =I17 -> 0.0081 | K17: =J17 -> 0.0081 | ... N17: =M17 -> 0.0081 | O17: 0.0037 | P17: =O17 -> 0.0037 | Q17: =P17 -> 0.0037 | R17: =Q17 -> 0.0037 | S17: =R17 -> 0.0037 | T17: =S17 -> 0.0037 | U17: =T17 -> 0.0037 | V17: =U17 -> 0.0037 | W17: =V17 -> 0.0037 | ... Z17: =Y17 -> 0.0037 | AA17: 0.0053 | AB17: =AA17 -> 0.0053 | AC17: =AB17 -> 0.0053 | AD17: =AC17 -> 0.0053 | AE17: =AD17 -> 0.0053 | AF17: =AE17 -> 0.0053 | AG17: =AF17 -> 0.0053 | AH17: =AG17 -> 0.0053 | AI17: =AH17 -> 0.0053 | ... AL17: =AK17 -> 0.0053 | AM17: 0.0060260743 | AN17: =AM17 -> 0.0060260743 | AO17: =AN17 -> 0.0060260743 | AP17: =AO17 -> 0.0060260743 | AQ17: =AP17 -> 0.0060260743 | AR17: =AQ17 -> 0.0060260743 | AS17: =AR17 -> 0.0060260743 | AT17: =AS17 -> 0.0060260743 | AU17: =AT17 -> 0.0060260743 | ... AX17: =AW17 -> 0.0060260743 | AY17: 0.0052 | AZ17: =AY17 -> 0.0052 | BA17: =AZ17 -> 0.0052 | BB17: =BA17 -> 0.0052 | BC17: =BB17 -> 0.0052 | BD17: =BC17 -> 0.0052 | BE17: =BD17 -> 0.0052 | BF17: =BE17 -> 0.0052 | BG17: =BF17 -> 0.0052 | ... BJ17: =BI17 -> 0.0052 | BK17: 0.0052 | BL17: =BK17 -> 0.0052 | BM17: =BL17 -> 0.0052 | BN17: =BM17 -> 0.0052 | BO17: =BN17 -> 0.0052 | BP17: =BO17 -> 0.0052 | BQ17: =BP17 -> 0.0052 | BR17: =BQ17 -> 0.0052 | BS17: =BR17 -> 0.0052 | ... BV17: =BU17 -> 0.0052 | BW17: 0.407 | BX17: =BW17 -> 0.407 | BY17: =BX17 -> 0.407 | BZ17: =BY17 -> 0.407 | CA17: =BZ17 -> 0.407 | CB17: =CA17 -> 0.407 | CC17: =CB17 -> 0.407 | CD17: =CC17 -> 0.407 | CE17: =CD17 -> 0.407 | ... CH17: =CG17 -> 0.407 | CI17: 0.4957 | CJ17: =CI17 -> 0.4957 | CK17: =CJ17 -> 0.4957 | CL17: =CK17 -> 0.4957 | CM17: =CL17 -> 0.4957 | CN17: =CM17 -> 0.4957 | CO17: =CN17 -> 0.4957 | CP17: =CO17 -> 0.4957 | CQ17: =CP17 -> 0.4957 | ... CT17: =CS17 -> 0.4957 | CU17: 0.0081 | CV17: =CU17 -> 0.0081 | CW17: =CV17 -> 0.0081 | CX17: =CW17 -> 0.0081 | CY17: =CX17 -> 0.0081 | CZ17: =CY17 -> 0.0081 | DA17: =CZ17 -> 0.0081 | DB17: =DA17 -> 0.0081 | DC17: =DB17 -> 0.0081 | ... DF17: =DE17 -> 0.0081 | DG17: 0.004 | DH17: =DG17 -> 0.004 | DI17: =DH17 -> 0.004 | DJ17: =DI17 -> 0.004 | DK17: =DJ17 -> 0.004 | DL17: =DK17 -> 0.004 | DM17: =DL17 -> 0.004 | DN17: =DM17 -> 0.004 | DO17: =DN17 -> 0.004 | ... DR17: =DQ17 -> 0.004 | DS17: 0.0046 | DT17: =DS17 -> 0.0046 | DU17: =DT17 -> 0.0046 | DV17: =DU17 -> 0.0046 | DW17: =DV17 -> 0.0046 | DX17: =DW17 -> 0.0046 | DY17: =DX17 -> 0.0046 | DZ17: =DY17 -> 0.0046 | EA17: =DZ17 -> 0.0046 | ... ED17: =EC17 -> 0.0046 | EE17: 0.0061553504 | EF17: =EE17 -> 0.0061553504 | EG17: =EF17 -> 0.0061553504 | EH17: =EG17 -> 0.0061553504 | EI17: =EH17 -> 0.0061553504 | EJ17: =EI17 -> 0.0061553504 | EK17: =EJ17 -> 0.0061553504 | EL17: =EK17 -> 0.0061553504 | EM17: =EL17 -> 0.0061553504 | ... EP17: =EO17 -> 0.0061553504 | EQ17: 0.0058 | ER17: =EQ17 -> 0.0058 | ES17: =ER17 -> 0.0058 | ET17: =ES17 -> 0.0058 | EU17: =ET17 -> 0.0058 | EV17: =EU17 -> 0.0058 | EW17: =EV17 -> 0.0058 | EX17: =EW17 -> 0.0058 | EY17: =EX17 -> 0.0058 | ... FB17: =FA17 -> 0.0058 | FC17: =EQ17 -> 0.0058 | FD17: =FC17 -> 0.0058 | FE17: =FD17 -> 0.0058 | FF17: =FE17 -> 0.0058 | FG17: =FF17 -> 0.0058 | FH17: =FG17 -> 0.0058 | FI17: =FH17 -> 0.0058 | FJ17: =FI17 -> 0.0058 | FK17: =FJ17 -> 0.0058 | ... FN17: =FM17 -> 0.0058 | FO17: 0.4046 | FP17: =FO17 -> 0.4046 | FQ17: =FP17 -> 0.4046 | FR17: =FQ17 -> 0.4046 | FS17: =FR17 -> 0.4046 | FT17: =FS17 -> 0.4046 | FU17: =FT17 -> 0.4046 | FV17: =FU17 -> 0.4046 | FW17: =FV17 -> 0.4046 | ... FZ17: =FY17 -> 0.4046 | GA17: 0.5178 | GB17: =GA17 -> 0.5178 | GC17: =GB17 -> 0.5178 | GD17: =GC17 -> 0.5178 | GE17: =GD17 -> 0.5178 | GF17: =GE17 -> 0.5178 | GG17: =GF17 -> 0.5178 | GH17: =GG17 -> 0.5178 | GI17: =GH17 -> 0.5178 | ... GL17: =GK17 -> 0.5178 | GM17: 0.0081 | GN17: =GM17 -> 0.0081 | GO17: =GN17 -> 0.0081 | GP17: =GO17 -> 0.0081 | GQ17: =GP17 -> 0.0081 | GR17: =GQ17 -> 0.0081 | GS17: =GR17 -> 0.0081 | GT17: =GS17 -> 0.0081 | GU17: =GT17 -> 0.0081 | ... GX17: =GW17 -> 0.0081 | GY17: 0.0038 | GZ17: =GY17 -> 0.0038 | HA17: =GZ17 -> 0.0038 | HB17: =HA17 -> 0.0038 | HC17: =HB17 -> 0.0038 | HD17: =HC17 -> 0.0038 | HE17: =HD17 -> 0.0038 | HF17: =HE17 -> 0.0038 | HG17: =HF17 -> 0.0038 | ... HJ17: =HI17 -> 0.0038 | HK17: 0.0058 | HL17: =HK17 -> 0.0058 | HM17: =HL17 -> 0.0058 | HN17: =HM17 -> 0.0058 | HO17: =HN17 -> 0.0058 | HP17: =HO17 -> 0.0058 | HQ17: =HP17 -> 0.0058 | HR17: =HQ17 -> 0.0058 | HS17: =HR17 -> 0.0058 | ... HV17: =HU17 -> 0.0058 | HW17: 0.0059437571 | HX17: =HW17 -> 0.0059437571 | HY17: =HX17 -> 0.0059437571 | HZ17: =HY17 -> 0.0059437571 | IA17: =HZ17 -> 0.0059437571 | IB17: =IA17 -> 0.0059437571 | IC17: =IB17 -> 0.0059437571 | ID17: =IC17 -> 0.0059437571 | IE17: =ID17 -> 0.0059437571 | ... IH17: =IG17 -> 0.0059437571 | II17: 0.006 | IJ17: =II17 -> 0.006 | IK17: =IJ17 -> 0.006 | IL17: =IK17 -> 0.006 | IM17: =IL17 -> 0.006 | IN17: =IM17 -> 0.006 | IO17: =IN17 -> 0.006 | IP17: =IO17 -> 0.006 | IQ17: =IP17 -> 0.006 | ... IT17: =IS17 -> 0.006 | IU17: =II17 -> 0.006 | IV17: =IU17 -> 0.006 | IW17: =IV17 -> 0.006 | IX17: =IW17 -> 0.006 | IY17: =IX17 -> 0.006 | IZ17: =IY17 -> 0.006 | JA17: =IZ17 -> 0.006 | JB17: =JA17 -> 0.006 | JC17: =JB17 -> 0.006 | ... JF17: =JE17 -> 0.006 | JG17: 0.4418 | JH17: =JG17 -> 0.4418 | JI17: =JH17 -> 0.4418 | JJ17: =JI17 -> 0.4418 | JK17: =JJ17 -> 0.4418 | JL17: =JK17 -> 0.4418 | JM17: =JL17 -> 0.4418 | JN17: =JM17 -> 0.4418 | JO17: =JN17 -> 0.4418 | ... JR17: =JQ17 -> 0.4418 | JS17: 0.5906 | JT17: =JS17 -> 0.5906 | JU17: =JT17 -> 0.5906 | JV17: =JU17 -> 0.5906 | JW17: =JV17 -> 0.5906 | JX17: =JW17 -> 0.5906 | JY17: =JX17 -> 0.5906 | JZ17: =JY17 -> 0.5906 | KA17: =JZ17 -> 0.5906 | ... KD17: =KC17 -> 0.5906
... A131: =VLOOKUP(B131,'CC Mapping'!$A:$B,2,0) -> Key Supporting Function | B131: 480057 | C131: 0 | D131: =C131 -> 0 | E131: =D131 -> 0 | F131: =E131 -> 0 | G131: =F131 -> 0 | H131: =G131 -> 0 | I131: =H131 -> 0 | J131: =I131 -> 0 | K131: =J131 -> 0 | ... N131: =M131 -> 0 | O131: 0 | P131: =O131 -> 0 | Q131: =P131 -> 0 | R131: =Q131 -> 0 | S131: =R131 -> 0 | T131: =S131 -> 0 | U131: =T131 -> 0 | V131: =U131 -> 0 | W131: =V131 -> 0 | ... Z131: =Y131 -> 0 | AA131: 0 | AB131: =AA131 -> 0 | AC131: =AB131 -> 0 | AD131: =AC131 -> 0 | AE131: =AD131 -> 0 | AF131: =AE131 -> 0 | AG131: =AF131 -> 0 | AH131: =AG131 -> 0 | AI131: =AH131 -> 0 | ... AL131: =AK131 -> 0 | AM131: 0 | AN131: =AM131 -> 0 | AO131: =AN131 -> 0 | AP131: =AO131 -> 0 | AQ131: =AP131 -> 0 | AR131: =AQ131 -> 0 | AS131: =AR131 -> 0 | AT131: =AS131 -> 0 | AU131: =AT131 -> 0 | ... AX131: =AW131 -> 0 | AY131: 0 | AZ131: =AY131 -> 0 | BA131: =AZ131 -> 0 | BB131: =BA131 -> 0 | BC131: =BB131 -> 0 | BD131: =BC131 -> 0 | BE131: =BD131 -> 0 | BF131: =BE131 -> 0 | BG131: =BF131 -> 0 | ... BJ131: =BI131 -> 0 | BK131: 0 | BL131: =BK131 -> 0 | BM131: =BL131 -> 0 | BN131: =BM131 -> 0 | BO131: =BN131 -> 0 | BP131: =BO131 -> 0 | BQ131: =BP131 -> 0 | BR131: =BQ131 -> 0 | BS131: =BR131 -> 0 | ... BV131: =BU131 -> 0 | BW131: 0.1892 | BX131: =BW131 -> 0.1892 | BY131: =BX131 -> 0.1892 | BZ131: =BY131 -> 0.1892 | CA131: =BZ131 -> 0.1892 | CB131: =CA131 -> 0.1892 | CC131: =CB131 -> 0.1892 | CD131: =CC131 -> 0.1892 | CE131: =CD131 -> 0.1892 | ... CH131: =CG131 -> 0.1892 | CI131: 0 | CJ131: =CI131 -> 0 | CK131: =CJ131 -> 0 | CL131: =CK131 -> 0 | CM131: =CL131 -> 0 | CN131: =CM131 -> 0 | CO131: =CN131 -> 0 | CP131: =CO131 -> 0 | CQ131: =CP131 -> 0 | ... CT131: =CS131 -> 0 | CU131: 0 | CV131: =CU131 -> 0 | CW131: =CV131 -> 0 | CX131: =CW131 -> 0 | CY131: =CX131 -> 0 | CZ131: =CY131 -> 0 | DA131: =CZ131 -> 0 | DB131: =DA131 -> 0 | DC131: =DB131 -> 0 | ... DF131: =DE131 -> 0 | DG131: 0 | DH131: =DG131 -> 0 | DI131: =DH131 -> 0 | DJ131: =DI131 -> 0 | DK131: =DJ131 -> 0 | DL131: =DK131 -> 0 | DM131: =DL131 -> 0 | DN131: =DM131 -> 0 | DO131: =DN131 -> 0 | ... DR131: =DQ131 -> 0 | DS131: 0 | DT131: =DS131 -> 0 | DU131: =DT131 -> 0 | DV131: =DU131 -> 0 | DW131: =DV131 -> 0 | DX131: =DW131 -> 0 | DY131: =DX131 -> 0 | DZ131: =DY131 -> 0 | EA131: =DZ131 -> 0 | ... ED131: =EC131 -> 0 | EE131: 0 | EF131: =EE131 -> 0 | EG131: =EF131 -> 0 | EH131: =EG131 -> 0 | EI131: =EH131 -> 0 | EJ131: =EI131 -> 0 | EK131: =EJ131 -> 0 | EL131: =EK131 -> 0 | EM131: =EL131 -> 0 | ... EP131: =EO131 -> 0 | EQ131: 0 | ER131: =EQ131 -> 0 | ES131: =ER131 -> 0 | ET131: =ES131 -> 0 | EU131: =ET131 -> 0 | EV131: =EU131 -> 0 | EW131: =EV131 -> 0 | EX131: =EW131 -> 0 | EY131: =EX131 -> 0 | ... FB131: =FA131 -> 0 | FC131: =EQ131 -> 0 | FD131: =FC131 -> 0 | FE131: =FD131 -> 0 | FF131: =FE131 -> 0 | FG131: =FF131 -> 0 | FH131: =FG131 -> 0 | FI131: =FH131 -> 0 | FJ131: =FI131 -> 0 | FK131: =FJ131 -> 0 | ... FN131: =FM131 -> 0 | FO131: 0.1654 | FP131: =FO131 -> 0.1654 | FQ131: =FP131 -> 0.1654 | FR131: =FQ131 -> 0.1654 | FS131: =FR131 -> 0.1654 | FT131: =FS131 -> 0.1654 | FU131: =FT131 -> 0.1654 | FV131: =FU131 -> 0.1654 | FW131: =FV131 -> 0.1654 | ... FZ131: =FY131 -> 0.1654 | GA131: 0 | GB131: =GA131 -> 0 | GC131: =GB131 -> 0 | GD131: =GC131 -> 0 | GE131: =GD131 -> 0 | GF131: =GE131 -> 0 | GG131: =GF131 -> 0 | GH131: =GG131 -> 0 | GI131: =GH131 -> 0 | ... GL131: =GK131 -> 0 | GM131: 0 | GN131: =GM131 -> 0 | GO131: =GN131 -> 0 | GP131: =GO131 -> 0 | GQ131: =GP131 -> 0 | GR131: =GQ131 -> 0 | GS131: =GR131 -> 0 | GT131: =GS131 -> 0 | GU131: =GT131 -> 0 | ... GX131: =GW131 -> 0 | GY131: 0 | GZ131: =GY131 -> 0 | HA131: =GZ131 -> 0 | HB131: =HA131 -> 0 | HC131: =HB131 -> 0 | HD131: =HC131 -> 0 | HE131: =HD131 -> 0 | HF131: =HE131 -> 0 | HG131: =HF131 -> 0 | ... HJ131: =HI131 -> 0 | HK131: 0 | HL131: =HK131 -> 0 | HM131: =HL131 -> 0 | HN131: =HM131 -> 0 | HO131: =HN131 -> 0 | HP131: =HO131 -> 0 | HQ131: =HP131 -> 0 | HR131: =HQ131 -> 0 | HS131: =HR131 -> 0 | ... HV131: =HU131 -> 0 | HW131: 0 | HX131: =HW131 -> 0 | HY131: =HX131 -> 0 | HZ131: =HY131 -> 0 | IA131: =HZ131 -> 0 | IB131: =IA131 -> 0 | IC131: =IB131 -> 0 | ID131: =IC131 -> 0 | IE131: =ID131 -> 0 | ... IH131: =IG131 -> 0 | II131: 0 | IJ131: =II131 -> 0 | IK131: =IJ131 -> 0 | IL131: =IK131 -> 0 | IM131: =IL131 -> 0 | IN131: =IM131 -> 0 | IO131: =IN131 -> 0 | IP131: =IO131 -> 0 | IQ131: =IP131 -> 0 | ... IT131: =IS131 -> 0 | IU131: =II131 -> 0 | IV131: =IU131 -> 0 | IW131: =IV131 -> 0 | IX131: =IW131 -> 0 | IY131: =IX131 -> 0 | IZ131: =IY131 -> 0 | JA131: =IZ131 -> 0 | JB131: =JA131 -> 0 | JC131: =JB131 -> 0 | ... JF131: =JE131 -> 0 | JG131: 0.1882 | JH131: =JG131 -> 0.1882 | JI131: =JH131 -> 0.1882 | JJ131: =JI131 -> 0.1882 | JK131: =JJ131 -> 0.1882 | JL131: =JK131 -> 0.1882 | JM131: =JL131 -> 0.1882 | JN131: =JM131 -> 0.1882 | JO131: =JN131 -> 0.1882 | ... JR131: =JQ131 -> 0.1882 | JS131: 0 | JT131: =JS131 -> 0 | JU131: =JT131 -> 0 | JV131: =JU131 -> 0 | JW131: =JV131 -> 0 | JX131: =JW131 -> 0 | JY131: =JX131 -> 0 | JZ131: =JY131 -> 0 | KA131: =JZ131 -> 0 | ... KD131: =KC131 -> 0
C132: =SUM(C6:C131) -> 1 | D132: =SUM(D6:D131) -> 1 | E132: =SUM(E6:E131) -> 1 | F132: =SUM(F6:F131) -> 1 | G132: =SUM(G6:G131) -> 1 | H132: =SUM(H6:H131) -> 1 | I132: =SUM(I6:I131) -> 1 | J132: =SUM(J6:J131) -> 1 | ... KD132: =SUM(KD6:KD131) -> 1

Sheet CC Mapping
A1: CostCenterNumber | B1: Business Line
A2: 412011 | B2: CT
A3: 412021 | B3: CT
A4: 413021 | B4: XP
A5: 415005 | B5: MP
A6: 415018 | B6: MP
A7: 415054 | B7: MP
A8: 430011 | B8: AT
A9: 480004 | B9: Key Supporting Function
A10: 400001 | B10: TI
A11: 400002 | B11: TI
A12: 412001 | B12: CT
... A256: 420004 | B256: DX

Sheet Cost text mapping
B3: Cost text | C3: Function
B4: 7092 GS IT_End user | C4: IT
B5: 7092 GS IT_SW | C5: IT
B6: 5547 GS IT | C6: IT
B7: ISD & AHD | C7: IT
B8: P41 | C8: IT
B9: M365 Collaboration | C9: IT
B10: M365 Messaging | C10: IT
B11: MWP | C11: IT
B12: SD-LAN Local | C12: IT
B13: Printing | C13: IT
B14: SD-LAN Hub | C14: IT
... B30: Function P Pooling allocation to BL CC | C30: Procurement Allocation

Sheet 解释和逻辑
A1: 表名 | B1: 字段名或者字段值 | C1: 解释
A2: CostDataBase | B2: Year | C2: 年份，年度，财年
A3: CostDataBase | B3: Scenario | C3: 版本
A4: CostDataBase | B4: Budget1 | C4: BGT, Budget, BGT1，预算
A5: CostDataBase | B5: Actual | C5: Act，实际数
A6: CostDataBase | B6: Function | C6: 费用类型，费用大类，费用产生自哪个职能部门
A7: CostDataBase | B7: Cost text | C7: 服务项，合同内容，服务内容，服务名称
A8: CostDataBase | B8: Account | C8: 总账科目
A9: CostDataBase | B9: Category | C9: 成本类型，成本分类
A10: CostDataBase | B10: Functional Cost | C10: 直接入Global function cost center的cost，也称为Global function cost
A11: CostDataBase | B11: Cost Center Cost | C11: 直接入BL cost center 的cost，区分与Global Function cost
A12: CostDataBase | B12: Key | C12: 按什么来分摊，分摊的依据，分摊标准，用什么来分摊
... A36: Table7 | B36: 矩阵中的百分比 | C36: 代表某一个月某一个成本中心（列），用某一个分摊依据（行）分摊时的比例是多少
C37: 举个例子：FY26 BGT 10月份 412011被分到的7092 GS IT_Ender user服务的金额计算值逻辑是：Cost页中Year=FY26，Scenario=Budget1，Cost text=7092 GS IT_End user时，Oct下对应金额=161138，对应的key=WCW+software usage，找Rate页中FY26,Buddget1, Oct, WCW+software usage，CC=412011对应的比例=22.8%，答案=161138*22.8%=36739.46

Sheet 问题
A1: Question1 | B1: What services do IT cost include? And what is the allocation key? IT费用都有些什么服务，这些服务是按什么分摊给业务部门的？
A2: Answer | B2: 24财年IT费用包括： | C2: 7092 GS IT_SW | D2: 7092 GS IT_End user | E2: 5547 GS IT | F2: 5547 DLP | G2: P41 | H2: M365 Collaboration | I2: M365 Messaging | J2: MWP | K2: CMO | L2: Printing | M2: ISD & AHD
B3: 24财年对应的分摊比例分别为 | C3: SAM | D3: WCW | E3: WCW | F3: WCW | G3: WCW | H3: WCW | I3: WCW | J3: WCW | K3: WCW | L3: WCW | M3: Win Acc
B4: 25财年IT费用包括： | C4: 7092 GS IT_SW | D4: 7092 GS IT_End user | E4: 5547 GS IT | F4: P41 | G4: M365 Collaboration | H4: M365 Messaging | I4: MWP | J4: SD-LAN Local | K4: Printing | L4: SD-LAN Hub | M4: ISD & AHD
B5: 25财年对应的分摊比例分别为 | C5: SAM | D5: WCW | E5: WCW | F5: WCW | G5: WCW | H5: WCW | I5: WCW | J5: WCW | K5: WCW | L5: WCW | M5: Win Acc
B6: 26财年IT费用包括： | C6: 7092 GS IT_SW | D6: 7092 GS IT_End user | E6: 5547 GS IT | F6: P41 | G6: M365 Collaboration | H6: M365 Messaging | I6: MWP | J6: SD-LAN Local | K6: Printing | L6: SD-LAN Hub | M6: ISD & AHD
B7: 26财年对应的分摊比例分别为 | C7: SAM | D7: WCW | E7: WCW | F7: WCW | G7: WCW | H7: WCW | I7: WCW | J7: WCW | K7: WCW | L7: WCW | M7: Win Acc
A10: Step1 | B10: 筛选出符合条件的Cost text | C10: 数据表 | D10: 字段 | E10: 筛选条件
C11: CostDataBase | D11: Function | E11: IT
C12: CostDataBase | D12: Cost text
C13: CostDataBase | D13: Key
A14: Step2 | B14: 列出所有符合条件的Cost text 和Key，如果没有指明哪一个年份，分别列出所有年度，或者可以追问需要列出哪一年，如果没有指明哪个Scenario，列出所有的Cost text，或者追问需要列出哪一个Scenario
A18: Question2 | B18: What was the HR Cost in FY26 BGT?26财年计划了多少HR费用的预算？
A19: Answer | B19: =SUMIFS(Cost!T:T,Cost!A:A,"FY26",Cost!B:B,"Budget1",Cost!C:C,"HR") -> 12054383
A20: Step1 | B20: 筛选符合条件的Cost text | C20: 数据表 | D20: 字段 | E20: 筛选条件
C21: CostDataBase | D21: Year | E21: FY26
C22: CostDataBase | D22: Scenario | E22: Budget1
C23: CostDataBase | D23: Function | E23: HR
C24: CostDataBase | D24: Oct~Sep
A25: Step2 | B25: 根据筛选出的Cost text，获得每个月发生的金额， 如果问的是全年数，sum Oct~Sep的值，如果问的是具体的月份，只要sum对应月份的值
A28: Question3 | B28: What was the actual IT cost allocated to CT in FY25?25财年实际分摊给CT的IT费用是多少？
A29: Answer | B29: -7847136.2
A30: Step1 | B30: 筛选符合条件的Cost text | C30: 数据表 | D30: 字段 | E30: 筛选条件
C31: CostDataBase | D31: Year | E31: FY25
C32: CostDataBase | D32: Scenario | E32: Actual
C33: CostDataBase | D33: Function | E33: IT Allocation
C34: CostDataBase | D34: Oct~Sep
C35: CostDataBase | D35: Key
A36: Step2 | B36: 根据筛选出的Cost text，获得每一个月发生的金额和每一个cost text的分摊标准（IT Allocation的key=480056 Cycle）
A38: Step3 | B38: 找到对应的分摊比例 | C38: 数据表 | D38: 字段 | E38: 筛选条件
C39: Table7 | D39: Year | E39: FY25
C40: Table7 | D40: Scenario | E40: Actual
C41: Table7 | D41: Period | E41: Oct~Sep
C42: Table7 | D42: Key | E42: 480056 Cycle
C43: Table7 | D43: BL | E43: CT
A45: Step4 | B45: 用Step2中找到的每一个月的发生金额*Step3中找到的每一个月的分摊比例，汇总全年12个月
A49: Question4 | B49: How does Procurement Cost change from FY25 Actual to FY26 BGT？26财年采购的预算费用和25财年实际数比，变化是什么？
A50: Answer | B50: increase 96467, increase by 5%
A51: Step1 | B51: 筛选符合条件的Cost text | C51: 数据表 | D51: 字段 | E51: 筛选条件1 | F51: 筛选条件2
C52: CostDataBase | D52: Year | E52: FY25 | F52: FY26
C53: CostDataBase | D53: Scenario | E53: Actual | F53: Budget1
C54: CostDataBase | D54: Function | E54: Procurement | F54: Procurement
C55: CostDataBase | D55: Oct~Sep
A57: Step2 | B57: 根据筛选出的Cost text，获得每一个月发生的金额，Sum全年数
A59: Step3 | B59: 计算变化值=筛选条件2获得的金额-筛选条件1获得的金额
B60: 计算变化比例=（筛选条件2获得的金额-筛选条件1获得的金额）/筛选条件1获得的金额
A64: Question5 | B64: How is the change of HR allocation to 4130011 between FY26 BGT and FY25 Actual?26财年预算要分摊给413001的HR费用和25财年实际分摊给XP的HR费用相比，变化是怎么样的？
A65: Answer | B65: decrease 24634，decrease by 10.2%
A66: Step1 | B66: 筛选符合条件的Cost text | C66: 数据表 | D66: 字段 | E66: 筛选条件1 | F66: 筛选条件2
C67: Cost | D67: Year | E67: FY25 | F67: FY26
C68: Cost | D68: Scenario | E68: Actual | F68: Budget1
C69: Cost | D69: Function | E69: HR Allocation | F69: HR Allocation
C70: Cost | D70: Oct~Sep
C71: Cost | D71: Key | E71: 480055 Cycle | F71: 480055 Cycle
A72: Step2 | B72: 根据筛选出的Cost text，获得每一个月发生的金额和每一个cost text的分摊标准（HR Allocation的key=480055 Cycle）
A74: Step3 | B74: 找到对应的分摊比例 | C74: 数据表 | D74: 字段 | E74: 筛选条件1 | F74: 筛选条件2
C75: Rate | D75: Year | E75: FY25 | F75: FY26
C76: Rate | D76: Scenario | E76: Actual | F76: Budget1
C77: Rate | D77: Period | E77: Oct~Sep | F77: Oct~Sep
C78: Rate | D78: Key | E78: 480055 Cycle | F78: 480055 Cycle
C79: Rate | D79: CC | E79: 413001 | F79: 413001
A81: Step4 | B81: 用Step2中找到的每一个月的发生金额*Step3中找到的每一个月的分摊比例，汇总全年12个月
B82: 计算变化值=筛选条件2获得的金额-筛选条件1获得的金额
B83: 计算变化比例=（筛选条件2获得的金额-筛选条件1获得的金额）/筛选条件1获得的金额

Sheet RateDataBase
A1: Year | B1: Month | C1: Scenario | D1: CostCenter | E1: BL | F1: Key
